Date,Price
2023-09-12,547.33
2023-09-11,546.0
2023-09-08,545.0
2023-09-07,550.0
2023-09-06,552.5
2023-09-05,553.33
2023-09-04,553.33
2023-09-01,551.58
2023-08-31,545.0
2023-08-30,543.67
2023-08-29,545.33
2023-08-28,549.0
2023-08-25,554.0
2023-08-24,554.0
2023-08-23,555.0
2023-08-22,545.0
2023-08-21,545.0
2023-08-18,545.0
2023-08-17,548.33
2023-08-16,555.0
2023-08-15,555.0
2023-08-14,555.0
2023-08-11,560.0
2023-08-10,561.67
2023-08-09,565.0
2023-08-08,568.33
2023-08-07,568.33
2023-08-04,568.33
2023-08-03,564.0
2023-08-02,570.0
2023-08-01,575.0
2023-07-31,575.0
2023-07-28,575.0
2023-07-27,575.0
2023-07-26,575.0
2023-07-25,575.0
2023-07-24,561.67
2023-07-21,552.33
2023-07-20,551.25
2023-07-19,553.33
2023-07-18,553.33
2023-07-17,551.67
2023-07-14,558.33
2023-07-13,548.75
2023-07-12,542.49
2023-07-11,541.67
2023-07-10,538.67
2023-07-07,542.67
2023-07-06,542.67
2023-07-05,542.68
2023-07-04,543.33
2023-07-03,541.67
2023-06-30,541.67
2023-06-29,541.67
2023-06-28,541.67
2023-06-27,543.33
2023-06-26,530.0
2023-06-23,544.0
2023-06-22,544.0
2023-06-21,544.0
2023-06-20,548.33
2023-06-19,556.67
2023-06-16,556.67
2023-06-15,549.77
2023-06-14,545.0
2023-06-13,543.25
2023-06-12,540.0
2023-06-09,545.0
2023-06-08,540.0
2023-06-07,539.0
2023-06-06,539.47
2023-06-05,539.47
2023-06-02,524.43
2023-06-01,521.67
2023-05-31,518.33
2023-05-30,523.33
2023-05-29,530.0
2023-05-26,530.0
2023-05-25,529.33
2023-05-24,531.67
2023-05-23,538.33
2023-05-22,545.67
2023-05-19,548.33
2023-05-18,552.0
2023-05-17,555.0
2023-05-16,553.33
2023-05-15,556.67
2023-05-12,550.0
2023-05-11,550.0
2023-05-10,560.0
2023-05-09,570.0
2023-05-08,570.0
2023-05-05,550.0
2023-05-04,561.67
2023-05-03,580.0
2023-05-02,580.0
2023-05-01,580.0
2023-04-28,580.0
2023-04-27,580.0
2023-04-26,580.0
2023-04-25,585.0
2023-04-24,585.0
2023-04-21,595.0
2023-04-20,608.33
2023-04-19,610.33
2023-04-18,613.33
2023-04-17,610.0
2023-04-14,611.67
2023-04-13,610.0
2023-04-12,610.0
2023-04-11,610.0
2023-04-10,610.0
2023-04-07,617.67
2023-04-06,611.67
2023-04-05,619.25
2023-04-04,619.25
2023-04-03,625.0
2023-03-31,637.77
2023-03-30,633.33
2023-03-29,632.67
2023-03-28,629.0
2023-03-27,628.33
2023-03-24,636.67
2023-03-23,639.0
2023-03-22,640.0
2023-03-21,640.0
2023-03-20,640.0
2023-03-17,651.67
2023-03-16,650.0
2023-03-15,660.0
2023-03-14,659.67
2023-03-13,651.67
2023-03-10,645.0
2023-03-09,640.0
2023-03-08,640.0
2023-03-07,643.16
2023-03-06,638.95
2023-03-03,643.16
2023-03-02,638.95
2023-03-01,634.74
2023-02-28,630.0
2023-02-27,630.0
2023-02-24,633.95
2023-02-23,633.95
2023-02-22,633.95
2023-02-21,638.33
2023-02-20,633.33
2023-02-17,633.33
2023-02-16,630.67
2023-02-15,622.33
2023-02-14,622.33
2023-02-13,618.67
2023-02-10,623.33
2023-02-09,625.0
2023-02-08,620.0
2023-02-07,620.0
2023-02-06,620.0
2023-02-03,635.0
2023-02-02,643.0
2023-02-01,645.0
2023-01-31,646.67
2023-01-30,648.33
2023-01-27,645.0
2023-01-26,645.0
2023-01-25,645.0
2023-01-24,645.0
2023-01-23,645.0
2023-01-20,645.0
2023-01-19,645.0
2023-01-18,645.0
2023-01-17,643.16
2023-01-16,636.18
2023-01-13,636.18
2023-01-12,631.18
2023-01-11,628.68
2023-01-10,626.58
2023-01-09,620.0
2023-01-06,605.67
2023-01-05,602.67
2023-01-04,605.79
2023-01-03,595.0
2023-01-02,595.0
2022-12-30,595.0
2022-12-29,595.0
2022-12-28,595.0
2022-12-27,595.0
2022-12-26,590.0
2022-12-23,589.71
2022-12-22,590.0
2022-12-21,590.0
2022-12-20,590.0
2022-12-19,590.0
2022-12-16,600.0
2022-12-15,600.0
2022-12-14,590.0
2022-12-13,590.0
2022-12-12,583.33
2022-12-09,580.0
2022-12-08,570.0
2022-12-07,570.0
2022-12-06,574.12
2022-12-05,581.67
2022-12-02,553.33
2022-12-01,554.25
2022-11-30,550.0
2022-11-29,550.0
2022-11-28,537.96
2022-11-25,540.0
2022-11-24,539.47
2022-11-23,535.0
2022-11-22,540.0
2022-11-21,541.58
2022-11-18,544.38
2022-11-17,543.13
2022-11-16,557.37
2022-11-15,551.67
2022-11-14,546.67
2022-11-11,535.0
2022-11-10,511.58
2022-11-09,518.33
2022-11-08,518.33
2022-11-07,518.33
2022-11-04,521.67
2022-11-03,520.0
2022-11-02,520.0
2022-11-01,519.0
2022-10-31,516.67
2022-10-28,528.53
2022-10-27,533.33
2022-10-26,533.33
2022-10-25,529.47
2022-10-24,535.0
2022-10-21,535.0
2022-10-20,540.0
2022-10-19,546.67
2022-10-18,548.16
2022-10-17,553.16
2022-10-14,559.47
2022-10-13,561.18
2022-10-12,564.12
2022-10-11,564.87
2022-10-10,578.68
2022-10-07,568.75
2022-10-06,568.75
2022-10-05,568.75
2022-10-04,568.75
2022-10-03,568.75
2022-09-30,568.75
2022-09-29,563.0
2022-09-28,563.67
2022-09-27,562.32
2022-09-26,559.47
2022-09-23,565.0
2022-09-22,565.0
2022-09-21,551.58
2022-09-20,558.95
2022-09-19,565.92
2022-09-16,565.92
2022-09-15,570.0
2022-09-14,571.32
2022-09-13,575.26
2022-09-12,570.0
2022-09-09,570.0
2022-09-08,568.24
2022-09-07,552.63
2022-09-06,557.63
2022-09-05,557.37
2022-09-02,556.32
2022-09-01,564.21
2022-08-31,564.21
2022-08-30,564.21
2022-08-29,575.0
2022-08-26,590.0
2022-08-25,590.0
2022-08-24,596.58
2022-08-23,592.37
2022-08-22,580.0
2022-08-19,581.89
2022-08-18,592.37
2022-08-17,598.68
2022-08-16,604.74
2022-08-15,605.53
2022-08-12,610.0
2022-08-11,605.0
2022-08-10,605.0
2022-08-09,605.0
2022-08-08,608.16
2022-08-05,606.78
2022-08-04,606.67
2022-08-03,610.0
2022-08-02,611.32
2022-08-01,613.16
2022-07-29,594.12
2022-07-28,595.0
2022-07-27,590.0
2022-07-26,590.0
2022-07-25,585.0
2022-07-22,583.33
2022-07-21,570.0
2022-07-20,586.32
2022-07-19,577.11
2022-07-18,575.0
2022-07-15,553.33
2022-07-14,602.5
2022-07-13,626.67
2022-07-12,630.0
2022-07-11,635.0
2022-07-08,650.79
2022-07-07,650.0
2022-07-06,650.0
2022-07-05,661.05
2022-07-04,658.95
2022-07-01,670.5
2022-06-30,681.05
2022-06-29,681.64
2022-06-28,681.05
2022-06-27,677.83
2022-06-24,662.5
2022-06-23,673.33
2022-06-22,674.74
2022-06-21,684.74
2022-06-20,675.0
2022-06-17,713.33
2022-06-16,723.33
2022-06-15,725.0
2022-06-14,735.33
2022-06-13,741.84
2022-06-10,748.95
2022-06-09,748.75
2022-06-08,749.14
2022-06-07,748.03
2022-06-06,750.26
2022-06-03,751.18
2022-06-02,751.18
2022-06-01,750.14
2022-05-31,750.0
2022-05-30,740.0
2022-05-27,740.0
2022-05-26,736.67
2022-05-25,738.95
2022-05-24,746.51
2022-05-23,752.37
2022-05-20,753.75
2022-05-19,750.0
2022-05-18,756.67
2022-05-17,765.11
2022-05-16,765.0
2022-05-13,767.5
2022-05-12,774.0
2022-05-11,778.33
2022-05-10,775.0
2022-05-09,789.14
2022-05-06,797.5
2022-05-05,811.18
2022-05-04,810.0
2022-05-03,810.0
2022-05-02,810.0
2022-04-29,810.0
2022-04-28,810.0
2022-04-27,807.5
2022-04-26,810.0
2022-04-25,815.0
2022-04-22,848.33
2022-04-21,850.0
2022-04-20,853.79
2022-04-19,852.67
2022-04-18,852.63
2022-04-15,857.5
2022-04-14,856.95
2022-04-13,863.42
2022-04-12,872.11
2022-04-11,871.05
2022-04-08,872.08
2022-04-07,877.96
2022-04-06,878.33
2022-04-05,887.5
2022-04-04,887.5
2022-04-01,887.5
2022-03-31,878.53
2022-03-30,878.53
2022-03-29,878.29
2022-03-28,871.67
2022-03-25,862.63
2022-03-24,850.75
2022-03-23,851.58
2022-03-22,849.25
2022-03-21,849.21
2022-03-18,841.56
2022-03-17,847.5
2022-03-16,847.5
2022-03-15,845.0
2022-03-14,845.0
2022-03-11,863.88
2022-03-10,863.42
2022-03-09,864.95
2022-03-08,896.95
2022-03-07,896.95
2022-03-04,857.37
2022-03-03,848.75
2022-03-02,837.33
2022-03-01,830.3
2022-02-28,816.84
2022-02-25,800.88
2022-02-24,812.37
2022-02-23,816.67
2022-02-22,816.67
2022-02-21,819.71
2022-02-18,817.5
2022-02-17,817.5
2022-02-16,817.65
2022-02-15,812.96
2022-02-14,820.64
2022-02-11,816.4
2022-02-10,812.37
2022-02-09,803.79
2022-02-08,809.16
2022-02-07,795.07
2022-02-04,770.61
2022-02-03,770.61
2022-02-02,770.61
2022-02-01,770.61
2022-01-31,770.61
2022-01-28,770.61
2022-01-27,770.61
2022-01-26,768.42
2022-01-25,768.42
2022-01-24,766.51
2022-01-21,760.46
2022-01-20,759.87
2022-01-19,759.87
2022-01-18,757.96
2022-01-17,756.58
2022-01-14,758.68
2022-01-13,755.75
2022-01-12,755.75
2022-01-11,755.26
2022-01-10,755.26
2022-01-07,755.29
2022-01-06,759.87
2022-01-05,761.51
2022-01-04,758.68
2022-01-03,761.67
2021-12-31,761.67
2021-12-30,763.53
2021-12-29,762.5
2021-12-28,759.47
2021-12-27,760.79
2021-12-24,767.5
2021-12-23,767.5
2021-12-22,768.75
2021-12-21,768.75
2021-12-20,770.0
2021-12-17,769.71
2021-12-16,773.65
2021-12-15,773.09
2021-12-14,779.84
2021-12-13,779.01
2021-12-10,776.53
2021-12-09,777.68
2021-12-08,779.75
2021-12-07,781.64
2021-12-06,784.74
2021-12-03,784.74
2021-12-02,784.74
2021-12-01,781.58
2021-11-30,777.83
2021-11-29,775.92
2021-11-26,783.86
2021-11-25,785.68
2021-11-24,778.39
2021-11-23,774.87
2021-11-22,776.63
2021-11-19,771.26
2021-11-18,774.74
2021-11-17,776.63
2021-11-16,777.5
2021-11-15,774.74
2021-11-12,777.5
2021-11-11,789.19
2021-11-10,769.14
2021-11-09,798.16
2021-11-08,803.16
2021-11-05,803.84
2021-11-04,818.42
2021-11-03,829.74
2021-11-02,829.74
2021-11-01,866.18
2021-10-29,872.37
2021-10-28,871.78
2021-10-27,878.42
2021-10-26,890.0
2021-10-25,896.64
2021-10-22,896.64
2021-10-21,915.0
2021-10-20,915.0
2021-10-19,917.37
2021-10-18,915.92
2021-10-15,925.92
2021-10-14,922.65
2021-10-13,921.78
2021-10-12,921.78
2021-10-11,925.59
2021-10-08,921.78
2021-10-07,910.47
2021-10-06,910.47
2021-10-05,910.47
2021-10-04,910.47
2021-10-01,910.47
2021-09-30,910.47
2021-09-29,910.0
2021-09-28,910.0
2021-09-27,909.19
2021-09-24,907.68
2021-09-23,923.82
2021-09-22,925.0
2021-09-21,926.25
2021-09-20,926.25
2021-09-17,926.25
2021-09-16,936.75
2021-09-15,931.05
2021-09-14,935.88
2021-09-13,937.74
2021-09-10,938.55
2021-09-09,932.37
2021-09-08,922.06
2021-09-07,926.13
2021-09-06,922.65
2021-09-03,919.12
2021-09-02,910.95
2021-09-01,907.37
2021-08-31,910.0
2021-08-30,911.25
2021-08-27,904.0
2021-08-26,903.75
2021-08-25,907.5
2021-08-24,910.0
2021-08-23,908.75
2021-08-20,907.5
2021-08-19,908.75
2021-08-18,916.67
2021-08-17,921.67
2021-08-16,921.67
2021-08-13,921.25
2021-08-12,921.67
2021-08-11,926.67
2021-08-10,917.5
2021-08-09,916.67
2021-08-06,928.75
2021-08-05,930.0
2021-08-04,930.0
2021-08-03,923.95
2021-08-02,931.67
2021-07-30,935.0
2021-07-29,935.0
2021-07-28,925.79
2021-07-27,919.14
2021-07-26,919.14
2021-07-23,918.68
2021-07-22,917.84
2021-07-21,918.68
2021-07-20,920.44
2021-07-19,913.16
2021-07-16,913.16
2021-07-15,913.79
2021-07-14,906.67
2021-07-13,905.0
2021-07-12,895.92
2021-07-09,892.89
2021-07-08,878.53
2021-07-07,873.68
2021-07-06,858.07
2021-07-05,846.63
2021-07-02,844.74
2021-07-01,845.9
2021-06-30,840.92
2021-06-29,862.24
2021-06-28,877.33
2021-06-25,877.4
2021-06-24,877.89
2021-06-23,888.95
2021-06-22,895.33
2021-06-21,897.7
2021-06-18,897.84
2021-06-17,905.88
2021-06-16,906.32
2021-06-15,913.16
2021-06-14,906.67
2021-06-11,906.67
2021-06-10,905.31
2021-06-09,903.56
2021-06-08,902.89
2021-06-07,903.16
2021-06-04,904.74
2021-06-03,904.95
2021-06-02,910.61
2021-06-01,913.16
2021-05-31,913.65
2021-05-28,907.4
2021-05-27,880.59
2021-05-26,882.5
2021-05-25,892.94
2021-05-24,945.0
2021-05-21,952.08
2021-05-20,963.16
2021-05-19,965.83
2021-05-18,975.26
2021-05-17,973.63
2021-05-14,1001.05
2021-05-13,1037.23
2021-05-12,1062.37
2021-05-11,1041.78
2021-05-10,1042.42
2021-05-07,971.15
2021-05-06,926.67
2021-05-05,918.86
2021-05-04,918.86
2021-05-03,918.86
2021-04-30,918.86
2021-04-29,914.38
2021-04-28,910.97
2021-04-27,912.01
2021-04-26,908.05
2021-04-23,880.59
2021-04-22,880.2
2021-04-21,875.78
2021-04-20,881.61
2021-04-19,874.14
2021-04-16,874.25
2021-04-15,871.89
2021-04-14,873.16
2021-04-13,873.5
2021-04-12,875.26
2021-04-09,872.63
2021-04-08,871.91
2021-04-07,782.37
2021-04-06,780.42
2021-04-05,779.47
2021-04-02,779.47
2021-04-01,751.33
2021-03-31,751.67
2021-03-30,750.79
2021-03-29,761.67
2021-03-26,740.42
2021-03-25,735.63
2021-03-24,733.95
2021-03-23,731.74
2021-03-22,731.74
2021-03-19,727.13
2021-03-18,727.01
2021-03-17,727.01
2021-03-16,729.87
2021-03-15,721.25
2021-03-12,719.42
2021-03-11,709.72
2021-03-10,704.33
2021-03-09,708.03
2021-03-08,714.81
2021-03-05,711.78
2021-03-04,714.71
2021-03-03,719.53
2021-03-02,698.68
2021-03-01,700.3
2021-02-26,698.53
2021-02-25,698.83
2021-02-24,685.95
2021-02-23,687.42
2021-02-22,690.24
2021-02-19,664.75
2021-02-18,665.83
2021-02-17,649.21
2021-02-16,649.21
2021-02-15,649.21
2021-02-12,649.21
2021-02-11,649.21
2021-02-10,649.21
2021-02-09,649.21
2021-02-08,649.21
2021-02-05,649.21
2021-02-04,644.11
2021-02-03,644.59
2021-02-02,644.01
2021-02-01,644.11
2021-01-29,648.25
2021-01-28,643.64
2021-01-27,641.76
2021-01-26,640.0
2021-01-25,640.39
2021-01-22,640.59
2021-01-21,640.59
2021-01-20,639.53
2021-01-19,641.77
2021-01-18,646.78
2021-01-15,647.79
2021-01-14,647.74
2021-01-13,648.09
2021-01-12,650.07
2021-01-11,651.05
2021-01-08,657.11
2021-01-07,656.82
2021-01-06,673.33
2021-01-05,675.37
2021-01-04,660.9
2021-01-01,658.7
2020-12-31,658.7
2020-12-30,653.25
2020-12-29,653.75
2020-12-28,655.0
2020-12-25,681.09
2020-12-24,687.24
2020-12-23,687.7
2020-12-22,702.96
2020-12-21,701.89
2020-12-18,657.5
2020-12-17,646.58
2020-12-16,641.84
2020-12-15,642.79
2020-12-14,646.78
2020-12-11,647.0
2020-12-10,639.47
2020-12-09,620.89
2020-12-08,620.89
2020-12-07,616.92
2020-12-04,599.04
2020-12-03,596.18
2020-12-02,598.95
2020-12-01,588.68
2020-11-30,591.91
2020-11-27,576.79
2020-11-26,573.77
2020-11-25,570.49
2020-11-24,568.31
2020-11-23,569.87
2020-11-20,563.47
2020-11-19,559.71
2020-11-18,556.0
2020-11-17,555.33
2020-11-16,548.51
2020-11-13,546.5
2020-11-12,546.06
2020-11-11,545.97
2020-11-10,540.17
2020-11-09,540.26
2020-11-06,528.09
2020-11-05,524.8
2020-11-04,522.25
2020-11-03,522.17
2020-11-02,518.6
2020-10-30,517.61
2020-10-29,517.13
2020-10-28,517.94
2020-10-27,515.54
2020-10-26,515.37
2020-10-23,515.51
2020-10-22,512.83
2020-10-21,509.95
2020-10-20,507.78
2020-10-19,508.31
2020-10-16,509.74
2020-10-15,511.05
2020-10-14,511.32
2020-10-13,511.42
2020-10-12,511.48
2020-10-09,509.77
2020-10-08,503.39
2020-10-07,503.39
2020-10-06,503.39
2020-10-05,503.39
2020-10-02,503.39
2020-10-01,503.39
2020-09-30,503.39
2020-09-29,504.93
2020-09-28,503.99
2020-09-25,504.59
2020-09-24,506.47
2020-09-23,506.32
2020-09-22,509.34
2020-09-21,510.79
2020-09-18,511.75
2020-09-17,515.43
2020-09-16,516.57
2020-09-15,519.26
2020-09-14,519.13
2020-09-11,520.07
2020-09-10,519.25
2020-09-09,519.38
2020-09-08,522.21
2020-09-07,522.21
2020-09-04,519.28
2020-09-03,519.93
2020-09-02,516.66
2020-09-01,517.89
2020-08-31,513.5
2020-08-28,508.83
2020-08-27,506.89
2020-08-26,507.53
2020-08-25,509.61
2020-08-24,510.04
2020-08-21,509.91
2020-08-20,508.62
2020-08-19,507.17
2020-08-18,507.08
2020-08-17,505.97
2020-08-14,503.85
2020-08-13,508.32
2020-08-12,508.38
2020-08-11,508.09
2020-08-10,505.79
2020-08-07,504.24
2020-08-06,500.72
2020-08-05,495.47
2020-08-04,495.26
2020-08-03,490.05
2020-07-31,485.89
2020-07-30,485.83
2020-07-29,484.41
2020-07-28,479.88
2020-07-27,476.47
2020-07-24,476.33
2020-07-23,478.36
2020-07-22,475.32
2020-07-21,475.39
2020-07-20,474.42
2020-07-17,470.8
2020-07-16,467.89
2020-07-15,464.86
2020-07-14,465.3
2020-07-13,456.58
2020-07-10,453.42
2020-07-09,456.67
2020-07-08,453.17
2020-07-07,448.91
2020-07-06,450.39
2020-07-03,447.89
2020-07-02,441.48
2020-07-01,443.75
2020-06-30,445.37
2020-06-29,444.95
2020-06-26,444.56
2020-06-25,444.56
2020-06-24,444.56
2020-06-23,444.34
2020-06-22,442.5
2020-06-19,442.47
2020-06-18,442.0
2020-06-17,442.0
2020-06-16,442.16
2020-06-15,440.6
2020-06-12,440.6
2020-06-11,443.38
2020-06-10,440.26
2020-06-09,440.53
2020-06-08,439.87
2020-06-05,435.59
2020-06-04,438.71
2020-06-03,439.34
2020-06-02,439.34
2020-06-01,435.21
2020-05-29,427.54
2020-05-28,427.16
2020-05-27,426.68
2020-05-26,427.0
2020-05-25,426.72
2020-05-22,426.75
2020-05-21,425.87
2020-05-20,430.59
2020-05-19,429.51
2020-05-18,430.59
2020-05-15,416.55
2020-05-14,416.32
2020-05-13,409.12
2020-05-12,410.16
2020-05-11,406.48
2020-05-08,406.5
2020-05-07,403.91
2020-05-06,405.3
2020-05-05,405.88
2020-05-04,405.88
2020-05-01,405.88
2020-04-30,405.88
2020-04-29,402.84
2020-04-28,403.54
2020-04-27,403.83
2020-04-24,403.55
2020-04-23,406.18
2020-04-22,406.62
2020-04-21,406.68
2020-04-20,405.83
2020-04-17,401.38
2020-04-16,409.25
2020-04-15,409.42
2020-04-14,408.74
2020-04-13,409.98
2020-04-10,410.78
2020-04-09,405.79
2020-04-08,405.37
2020-04-07,405.37
2020-04-06,405.37
2020-04-03,405.37
2020-04-02,407.45
2020-04-01,412.37
2020-03-31,421.58
2020-03-30,421.58
2020-03-27,421.18
2020-03-26,423.47
2020-03-25,425.37
2020-03-24,430.79
2020-03-23,435.36
2020-03-20,441.92
2020-03-19,444.74
2020-03-18,450.79
2020-03-17,451.62
2020-03-16,452.06
2020-03-13,452.89
2020-03-12,455.89
2020-03-11,456.33
2020-03-10,460.0
2020-03-09,459.49
2020-03-06,459.61
2020-03-05,461.0
2020-03-04,459.08
2020-03-03,462.54
2020-03-02,461.17
2020-02-28,463.68
2020-02-27,465.0
2020-02-26,467.26
2020-02-25,465.0
2020-02-24,464.3
2020-02-21,465.36
2020-02-20,455.0
2020-02-19,449.32
2020-02-18,456.67
2020-02-17,459.47
2020-02-14,459.47
2020-02-13,463.68
2020-02-12,461.58
2020-02-11,470.0
2020-02-10,470.07
2020-02-07,474.13
2020-02-06,475.63
2020-02-05,477.35
2020-02-04,484.32
2020-02-03,482.67
2020-01-31,495.95
2020-01-30,495.95
2020-01-29,495.95
2020-01-28,495.95
2020-01-27,495.95
2020-01-24,495.95
2020-01-23,495.95
2020-01-22,495.95
2020-01-21,495.95
2020-01-20,495.95
2020-01-17,495.55
2020-01-16,495.79
2020-01-15,492.84
2020-01-14,491.0
2020-01-13,490.13
2020-01-10,489.47
2020-01-09,489.79
2020-01-08,486.3
2020-01-07,485.53
2020-01-06,484.2
2020-01-03,484.14
2020-01-02,484.75
2020-01-01,484.47
2019-12-31,484.47
2019-12-30,481.0
2019-12-27,480.97
2019-12-26,483.93
2019-12-25,481.18
2019-12-24,482.92
2019-12-23,477.86
2019-12-20,480.39
2019-12-19,477.68
2019-12-18,474.92
2019-12-17,473.21
2019-12-16,472.96
2019-12-13,472.84
2019-12-12,466.32
2019-12-11,464.86
2019-12-10,467.42
2019-12-09,461.78
2019-12-06,460.64
2019-12-05,459.74
2019-12-04,459.26
2019-12-03,458.03
2019-12-02,457.04
2019-11-29,457.37
2019-11-28,455.39
2019-11-27,457.63
2019-11-26,463.32
2019-11-25,459.53
2019-11-22,454.95
2019-11-21,453.03
2019-11-20,451.32
2019-11-19,451.26
2019-11-18,448.68
2019-11-15,446.07
2019-11-14,439.21
2019-11-13,438.52
2019-11-12,438.45
2019-11-11,434.13
2019-11-08,435.6
2019-11-07,435.47
2019-11-06,434.38
2019-11-05,432.0
2019-11-04,429.5
2019-11-01,430.67
2019-10-31,431.75
2019-10-30,435.83
2019-10-29,433.29
2019-10-28,429.92
2019-10-25,427.5
2019-10-24,428.67
2019-10-23,428.38
2019-10-22,429.79
2019-10-21,430.0
2019-10-18,432.69
2019-10-17,439.33
2019-10-16,441.0
2019-10-15,442.27
2019-10-14,447.67
2019-10-11,449.5
2019-10-10,450.1
2019-10-09,449.58
2019-10-08,452.92
2019-10-07,452.2
2019-10-04,452.2
2019-10-03,452.2
2019-10-02,452.2
2019-10-01,452.2
2019-09-30,452.2
2019-09-27,452.88
2019-09-26,452.13
2019-09-25,455.0
2019-09-24,455.38
2019-09-23,455.0
2019-09-20,453.13
2019-09-19,460.0
2019-09-18,460.0
2019-09-17,460.13
2019-09-16,460.25
2019-09-13,460.96
2019-09-12,460.96
2019-09-11,460.38
2019-09-10,461.92
2019-09-09,463.25
2019-09-06,462.9
2019-09-05,465.77
2019-09-04,462.5
2019-09-03,464.5
2019-09-02,465.5
2019-08-30,462.0
2019-08-29,463.94
2019-08-28,463.75
2019-08-27,466.13
2019-08-26,469.06
2019-08-23,472.06
2019-08-22,473.25
2019-08-21,478.31
2019-08-20,481.65
2019-08-19,482.0
2019-08-16,482.17
2019-08-15,480.5
2019-08-14,481.88
2019-08-13,481.75
2019-08-12,485.31
2019-08-09,489.88
2019-08-08,493.08
2019-08-07,493.13
2019-08-06,493.39
2019-08-05,496.67
2019-08-02,500.5
2019-08-01,503.85
2019-07-31,503.25
2019-07-30,505.1
2019-07-29,505.38
2019-07-26,507.33
2019-07-25,506.75
2019-07-24,506.5
2019-07-23,506.5
2019-07-22,507.5
2019-07-19,507.75
2019-07-18,508.69
2019-07-17,507.4
2019-07-16,505.19
2019-07-15,507.5
2019-07-12,506.98
2019-07-11,507.5
2019-07-10,507.92
2019-07-09,509.75
2019-07-08,507.63
2019-07-05,508.5
2019-07-04,508.75
2019-07-03,509.17
2019-07-02,507.05
2019-07-01,509.25
2019-06-28,503.15
2019-06-27,496.83
2019-06-26,499.35
2019-06-25,496.46
2019-06-24,492.92
2019-06-21,485.58
2019-06-20,485.0
2019-06-19,484.75
2019-06-18,484.75
2019-06-17,484.33
2019-06-14,489.42
2019-06-13,488.42
2019-06-12,493.0
2019-06-11,493.38
2019-06-10,493.75
2019-06-07,493.27
2019-06-06,493.27
2019-06-05,493.63
2019-06-04,497.7
2019-06-03,500.94
2019-05-31,500.94
2019-05-30,502.17
2019-05-29,503.83
2019-05-28,503.77
2019-05-27,504.31
2019-05-24,505.5
2019-05-23,508.75
2019-05-22,512.5
2019-05-21,513.75
2019-05-20,513.25
2019-05-17,520.63
2019-05-16,520.0
2019-05-15,520.2
2019-05-14,520.2
2019-05-13,520.75
2019-05-10,523.77
2019-05-09,523.75
2019-05-08,524.3
2019-05-07,527.5
2019-05-06,525.92
2019-05-03,529.17
2019-05-02,529.17
2019-05-01,529.17
2019-04-30,529.17
2019-04-29,526.03
2019-04-26,527.75
2019-04-25,527.69
2019-04-24,531.4
2019-04-23,531.83
2019-04-22,531.73
2019-04-19,532.5
2019-04-18,532.46
2019-04-17,532.31
2019-04-16,535.1
2019-04-15,534.06
2019-04-12,532.58
2019-04-11,531.65
2019-04-10,531.88
2019-04-09,535.13
2019-04-08,533.75
2019-04-05,526.67
2019-04-04,526.67
2019-04-03,522.0
2019-04-02,519.5
2019-04-01,527.81
2019-03-29,530.0
2019-03-28,530.25
2019-03-27,531.19
2019-03-26,530.25
2019-03-25,531.82
2019-03-22,530.5
2019-03-21,534.38
2019-03-20,537.08
2019-03-19,538.25
2019-03-18,536.67
2019-03-15,537.5
2019-03-14,538.0
2019-03-13,534.79
2019-03-12,535.17
2019-03-11,528.0
2019-03-08,535.0
2019-03-07,533.75
2019-03-06,534.5
2019-03-05,534.58
2019-03-04,527.5
2019-03-01,527.67
2019-02-28,526.88
2019-02-27,526.69
2019-02-26,520.42
2019-02-25,522.92
2019-02-22,516.82
2019-02-21,517.08
2019-02-20,515.5
2019-02-19,514.5
2019-02-18,512.5
2019-02-15,520.8
2019-02-14,515.25
2019-02-13,511.25
2019-02-12,510.21
2019-02-11,519.17
2019-02-08,497.4
2019-02-07,497.4
2019-02-06,497.4
2019-02-05,497.4
2019-02-04,497.4
2019-02-01,497.4
2019-01-31,497.4
2019-01-30,497.4
2019-01-29,495.94
2019-01-28,495.83
2019-01-25,495.08
2019-01-24,488.75
2019-01-23,485.83
2019-01-22,488.67
2019-01-21,487.0
2019-01-18,480.0
2019-01-17,480.0
2019-01-16,480.42
2019-01-15,480.63
2019-01-14,480.33
2019-01-11,479.55
2019-01-10,479.0
2019-01-09,480.0
2019-01-08,480.0
2019-01-07,479.5
2019-01-04,479.3
2019-01-03,480.0
2019-01-02,480.94
2019-01-01,482.71
2018-12-31,482.71
2018-12-28,482.71
2018-12-27,483.13
2018-12-26,485.0
2018-12-25,485.0
2018-12-24,482.5
2018-12-21,482.17
2018-12-20,482.5
2018-12-19,485.0
2018-12-18,481.25
2018-12-17,475.63
2018-12-14,475.83
2018-12-13,477.88
2018-12-12,475.5
2018-12-11,475.0
2018-12-10,478.33
2018-12-07,475.5
2018-12-06,468.81
2018-12-05,477.81
2018-12-04,478.13
2018-12-03,477.0
2018-11-30,477.5
2018-11-29,482.5
2018-11-28,482.5
2018-11-27,485.0
2018-11-26,486.67
2018-11-23,490.0
2018-11-22,495.3
2018-11-21,496.2
2018-11-20,500.0
2018-11-19,503.75
2018-11-16,504.17
2018-11-15,505.0
2018-11-14,512.0
2018-11-13,516.55
2018-11-12,520.33
2018-11-09,523.33
2018-11-08,526.0
2018-11-07,530.0
2018-11-06,530.0
2018-11-05,530.31
2018-11-02,530.0
2018-11-01,531.17
2018-10-31,532.0
2018-10-30,533.67
2018-10-29,534.33
2018-10-26,535.5
2018-10-25,535.5
2018-10-24,539.42
2018-10-23,545.0
2018-10-22,544.38
2018-10-19,549.38
2018-10-18,552.92
2018-10-17,553.13
2018-10-16,555.0
2018-10-15,555.0
2018-10-12,554.38
2018-10-11,555.63
2018-10-10,555.0
2018-10-09,555.63
2018-10-08,561.5
2018-10-05,560.0
2018-10-04,560.0
2018-10-03,560.0
2018-10-02,560.0
2018-10-01,560.0
2018-09-28,560.0
2018-09-27,563.25
2018-09-26,565.31
2018-09-25,565.19
2018-09-24,565.75
2018-09-21,565.75
2018-09-20,566.25
2018-09-19,568.92
2018-09-18,568.91
2018-09-17,570.0
2018-09-14,569.61
2018-09-13,569.74
2018-09-12,571.77
2018-09-11,572.0
2018-09-10,572.32
2018-09-07,574.47
2018-09-06,574.68
2018-09-05,575.0
2018-09-04,575.79
2018-09-03,575.67
2018-08-31,574.21
2018-08-30,575.84
2018-08-29,576.76
2018-08-28,577.5
2018-08-27,577.5
2018-08-24,575.5
2018-08-23,574.79
2018-08-22,573.76
2018-08-21,571.67
2018-08-20,570.0
2018-08-17,570.67
2018-08-16,570.39
2018-08-15,571.63
2018-08-14,571.26
2018-08-13,570.83
2018-08-10,569.18
2018-08-09,567.21
2018-08-08,572.21
2018-08-07,571.97
2018-08-06,573.92
2018-08-03,574.0
2018-08-02,575.0
2018-08-01,575.0
2018-07-31,574.87
2018-07-30,575.83
2018-07-27,575.0
2018-07-26,576.25
2018-07-25,575.98
2018-07-24,575.61
2018-07-23,578.42
2018-07-20,579.82
2018-07-19,579.33
2018-07-18,580.0
2018-07-17,580.32
2018-07-16,578.52
2018-07-13,580.0
2018-07-12,580.63
2018-07-11,580.0
2018-07-10,577.22
2018-07-09,579.17
2018-07-06,585.0
2018-07-05,586.25
2018-07-04,588.5
2018-07-03,589.69
2018-07-02,591.25
2018-06-29,591.46
2018-06-28,594.58
2018-06-27,594.13
2018-06-26,596.08
2018-06-25,596.25
2018-06-22,595.0
2018-06-21,596.0
2018-06-20,597.92
2018-06-19,596.18
2018-06-18,593.56
2018-06-15,593.56
2018-06-14,593.51
2018-06-13,594.67
2018-06-12,595.25
2018-06-11,594.25
2018-06-08,593.75
2018-06-07,593.33
2018-06-06,592.5
2018-06-05,590.5
2018-06-04,591.46
2018-06-01,588.69
2018-05-31,589.61
2018-05-30,591.46
2018-05-29,590.63
2018-05-28,589.58
2018-05-25,586.2
2018-05-24,586.22
2018-05-23,586.43
2018-05-22,590.63
2018-05-21,591.25
2018-05-18,590.21
2018-05-17,591.19
2018-05-16,588.75
2018-05-15,588.88
2018-05-14,585.42
2018-05-11,585.47
2018-05-10,583.3
2018-05-09,586.9
2018-05-08,588.5
2018-05-07,589.79
2018-05-04,586.83
2018-05-03,586.37
2018-05-02,587.5
2018-05-01,585.83
2018-04-30,585.83
2018-04-27,585.83
2018-04-26,587.68
2018-04-25,591.79
2018-04-24,594.43
2018-04-23,597.5
2018-04-20,581.98
2018-04-19,579.38
2018-04-18,578.71
2018-04-17,576.88
2018-04-16,578.17
2018-04-13,578.5
2018-04-12,578.69
2018-04-11,580.52
2018-04-10,578.28
2018-04-09,578.69
2018-04-06,579.55
2018-04-05,579.55
2018-04-04,579.55
2018-04-03,578.75
2018-04-02,577.7
2018-03-30,575.5
2018-03-29,573.25
2018-03-28,571.21
2018-03-27,574.04
2018-03-26,571.56
2018-03-23,585.86
2018-03-22,594.82
2018-03-21,590.29
2018-03-20,590.83
2018-03-19,591.94
2018-03-16,595.57
2018-03-15,591.67
2018-03-14,591.19
2018-03-13,591.03
2018-03-12,592.78
2018-03-09,608.13
2018-03-08,611.04
2018-03-07,612.0
2018-03-06,620.81
2018-03-05,612.58
2018-03-02,610.75
2018-03-01,610.02
2018-02-28,601.3
2018-02-27,600.15
2018-02-26,598.66
2018-02-23,593.94
2018-02-22,592.83
2018-02-21,591.5
2018-02-20,591.5
2018-02-19,591.5
2018-02-16,591.5
2018-02-15,591.5
2018-02-14,591.5
2018-02-13,591.5
2018-02-12,591.5
2018-02-09,591.5
2018-02-08,590.6
2018-02-07,589.75
2018-02-06,584.71
2018-02-05,583.04
2018-02-02,580.58
2018-02-01,579.08
2018-01-31,577.1
2018-01-30,577.75
2018-01-29,578.67
2018-01-26,577.0
2018-01-25,577.75
2018-01-24,577.0
2018-01-23,578.21
2018-01-22,572.58
2018-01-19,568.59
2018-01-18,565.8
2018-01-17,568.31
2018-01-16,570.87
2018-01-15,570.04
2018-01-12,569.67
2018-01-11,570.75
2018-01-10,575.75
2018-01-09,574.8
2018-01-08,566.33
2018-01-05,570.13
2018-01-04,572.83
2018-01-03,573.93
2018-01-02,576.3
2018-01-01,571.88
2017-12-29,571.88
2017-12-28,576.88
2017-12-27,579.75
2017-12-26,577.29
2017-12-25,574.69
2017-12-22,578.17
2017-12-21,575.83
2017-12-20,577.2
2017-12-19,578.78
2017-12-18,579.31
2017-12-15,574.58
2017-12-14,579.3
2017-12-13,577.17
2017-12-12,575.63
2017-12-11,577.5
2017-12-08,572.23
2017-12-07,565.42
2017-12-06,572.5
2017-12-05,569.11
2017-12-04,560.0
2017-12-01,561.25
2017-11-30,560.63
2017-11-29,553.81
2017-11-28,556.72
2017-11-27,557.0
2017-11-24,551.25
2017-11-23,550.75
2017-11-22,550.42
2017-11-21,552.5
2017-11-20,549.25
2017-11-17,544.68
2017-11-16,551.0
2017-11-15,546.54
2017-11-14,546.88
2017-11-13,545.09
2017-11-10,544.58
2017-11-09,545.62
2017-11-08,545.0
2017-11-07,548.9
2017-11-06,544.44
2017-11-03,544.62
2017-11-02,545.26
2017-11-01,544.24
2017-10-31,545.14
2017-10-30,539.38
2017-10-27,551.83
2017-10-26,555.68
2017-10-25,561.47
2017-10-24,564.72
2017-10-23,560.28
2017-10-20,565.83
2017-10-19,567.77
2017-10-18,567.77
2017-10-17,561.65
2017-10-16,560.7
2017-10-13,555.0
2017-10-12,555.0
2017-10-11,555.0
2017-10-10,555.0
2017-10-09,572.5
2017-10-06,572.5
2017-10-05,572.5
2017-10-04,572.5
2017-10-03,572.5
2017-10-02,572.5
2017-09-29,572.5
2017-09-28,572.5
2017-09-27,572.5
2017-09-26,572.5
2017-09-25,590.0
2017-09-22,590.0
2017-09-21,590.0
2017-09-20,590.0
2017-09-19,590.0
2017-09-18,587.5
2017-09-15,587.5
2017-09-14,587.5
2017-09-13,587.5
2017-09-12,587.5
2017-09-11,562.5
2017-09-08,562.5
2017-09-07,562.5
2017-09-06,562.5
2017-09-05,562.5
2017-09-04,555.0
2017-09-01,555.0
2017-08-31,555.0
2017-08-30,555.0
2017-08-29,555.0
2017-08-28,555.0
2017-08-25,555.0
2017-08-24,555.0
2017-08-23,555.0
2017-08-22,555.0
2017-08-21,548.0
2017-08-18,548.0
2017-08-17,548.0
2017-08-16,548.0
2017-08-15,548.0
2017-08-14,530.0
2017-08-11,530.0
2017-08-10,530.0
2017-08-09,530.0
2017-08-08,530.0
2017-08-07,510.0
2017-08-04,510.0
2017-08-03,510.0
2017-08-02,510.0
2017-08-01,510.0
2017-07-31,500.0
2017-07-28,500.0
2017-07-27,500.0
2017-07-26,500.0
2017-07-25,500.0
2017-07-24,491.5
2017-07-21,491.5
2017-07-20,491.5
2017-07-19,491.5
2017-07-18,491.5
2017-07-17,480.0
2017-07-14,480.0
2017-07-13,480.0
2017-07-12,480.0
2017-07-11,480.0
2017-07-10,470.0
2017-07-07,470.0
2017-07-06,470.0
2017-07-05,470.0
2017-07-04,470.0
2017-07-03,455.0
2017-06-30,455.0
2017-06-29,455.0
2017-06-28,455.0
2017-06-27,455.0
2017-06-26,447.5
2017-06-23,447.5
2017-06-22,447.5
2017-06-21,447.5
2017-06-20,447.5
2017-06-19,437.5
2017-06-16,437.5
2017-06-15,437.5
2017-06-14,437.5
2017-06-13,437.5
2017-06-12,432.5
2017-06-09,432.5
2017-06-08,432.5
2017-06-07,432.5
2017-06-06,432.5
2017-06-05,445.0
2017-06-02,445.0
2017-06-01,445.0
2017-05-31,445.0
2017-05-30,445.0
2017-05-29,445.0
2017-05-26,445.0
2017-05-25,445.0
2017-05-24,445.0
2017-05-23,445.0
2017-05-22,425.0
2017-05-19,425.0
2017-05-18,425.0
2017-05-17,425.0
2017-05-16,425.0
2017-05-15,420.0
2017-05-12,420.0
2017-05-11,420.0
2017-05-10,420.0
2017-05-09,420.0
2017-05-08,430.0
2017-05-05,430.0
2017-05-04,430.0
2017-05-03,430.0
2017-05-02,430.0
2017-05-01,422.5
2017-04-28,422.5
2017-04-27,422.5
2017-04-26,422.5
2017-04-25,422.5
2017-04-24,417.5
2017-04-21,417.5
2017-04-20,417.5
2017-04-19,417.5
2017-04-18,417.5
2017-04-17,442.5
2017-04-14,442.5
2017-04-13,442.5
2017-04-12,442.5
2017-04-11,442.5
2017-04-10,475.0
2017-04-07,475.0
2017-04-06,475.0
2017-04-05,475.0
2017-04-04,475.0
2017-04-03,475.0
2017-03-31,475.0
2017-03-30,475.0
2017-03-29,475.0
2017-03-28,475.0
2017-03-27,492.5
2017-03-24,492.5
2017-03-23,492.5
2017-03-22,492.5
2017-03-21,492.5
2017-03-20,497.5
2017-03-17,497.5
2017-03-16,497.5
2017-03-15,497.5
2017-03-14,497.5
2017-03-13,502.5
2017-03-10,502.5
2017-03-09,512.5
2017-03-08,512.5
2017-03-07,512.5
2017-03-06,512.5
2017-03-03,512.5
2017-03-02,515.0
2017-03-01,515.0
2017-02-28,515.0
2017-02-27,515.0
2017-02-24,515.0
2017-02-23,502.5
2017-02-22,502.5
2017-02-21,502.5
2017-02-20,502.5
2017-02-17,502.5
2017-02-16,497.5
2017-02-15,497.5
2017-02-14,497.5
2017-02-13,497.5
2017-02-10,497.5
2017-02-09,500.0
2017-02-08,500.0
2017-02-07,500.0
2017-02-06,500.0
2017-02-03,500.0
2017-02-02,500.0
2017-02-01,500.0
2017-01-31,500.0
2017-01-30,500.0
2017-01-27,500.0
2017-01-26,495.0
2017-01-25,495.0
2017-01-24,495.0
2017-01-23,495.0
2017-01-20,495.0
2017-01-19,495.0
2017-01-18,495.0
2017-01-17,495.0
2017-01-16,495.0
2017-01-13,495.0
2017-01-12,485.0
2017-01-11,485.0
2017-01-10,485.0
2017-01-09,485.0
2017-01-06,485.0
2017-01-05,490.0
2017-01-04,490.0
2017-01-03,490.0
2017-01-02,490.0
2016-12-30,490.0
2016-12-29,515.0
2016-12-28,515.0
2016-12-27,515.0
2016-12-26,515.0
2016-12-23,515.0
2016-12-22,517.5
2016-12-21,517.5
2016-12-20,517.5
2016-12-19,517.5
2016-12-16,517.5
2016-12-15,500.0
2016-12-14,500.0
2016-12-13,500.0
2016-12-12,500.0
2016-12-09,500.0
2016-12-08,490.0
2016-12-07,490.0
2016-12-06,490.0
2016-12-05,490.0
2016-12-02,490.0
2016-12-01,475.0
2016-11-30,475.0
2016-11-29,475.0
2016-11-28,475.0
2016-11-25,475.0
2016-11-24,467.5
2016-11-23,467.5
2016-11-22,467.5
2016-11-21,467.5
2016-11-18,467.5
2016-11-17,475.0
2016-11-16,475.0
2016-11-15,475.0
2016-11-14,475.0
2016-11-11,475.0
2016-11-10,442.5
2016-11-09,442.5
2016-11-08,442.5
2016-11-07,442.5
2016-11-04,442.5
2016-11-03,415.0
2016-11-02,415.0
2016-11-01,415.0
2016-10-31,415.0
2016-10-28,415.0
2016-10-27,396.5
2016-10-26,396.5
2016-10-25,396.5
2016-10-24,396.5
2016-10-21,396.5
2016-10-20,385.5
2016-10-19,385.5
2016-10-18,385.5
2016-10-17,385.5
2016-10-14,385.5
2016-10-13,377.5
2016-10-12,377.5
2016-10-11,377.5
2016-10-10,377.5
2016-10-07,377.5
2016-10-06,377.5
2016-10-05,377.5
2016-10-04,377.5
2016-10-03,377.5
2016-09-30,377.5
2016-09-29,377.5
2016-09-28,377.5
2016-09-27,377.5
2016-09-26,377.5
2016-09-23,377.5
2016-09-22,387.5
2016-09-21,387.5
2016-09-20,387.5
2016-09-19,387.5
2016-09-16,387.5
2016-09-15,392.5
2016-09-14,392.5
2016-09-13,392.5
2016-09-12,392.5
2016-09-09,392.5
2016-09-08,392.5
2016-09-07,392.5
2016-09-06,392.5
2016-09-05,392.5
2016-09-02,392.5
2016-09-01,395.0
2016-08-31,395.0
2016-08-30,395.0
2016-08-29,395.0
2016-08-26,395.0
2016-08-25,390.0
2016-08-24,390.0
2016-08-23,390.0
2016-08-22,390.0
2016-08-19,390.0
2016-08-18,385.0
2016-08-17,385.0
2016-08-16,385.0
2016-08-15,385.0
2016-08-12,385.0
2016-08-11,367.5
2016-08-10,367.5
2016-08-09,367.5
2016-08-08,367.5
2016-08-05,367.5
2016-08-04,367.5
2016-08-03,367.5
2016-08-02,367.5
2016-08-01,367.5
2016-07-29,367.5
2016-07-28,367.5
2016-07-27,367.5
2016-07-26,367.5
2016-07-25,367.5
2016-07-22,367.5
2016-07-21,367.5
2016-07-20,367.5
2016-07-19,367.5
2016-07-18,367.5
2016-07-15,367.5
2016-07-14,352.5
2016-07-13,352.5
2016-07-12,352.5
2016-07-11,352.5
2016-07-08,352.5
2016-07-07,342.5
2016-07-06,342.5
2016-07-05,342.5
2016-07-04,342.5
2016-07-01,342.5
2016-06-30,327.5
2016-06-29,327.5
2016-06-28,327.5
2016-06-27,327.5
2016-06-24,327.5
2016-06-23,332.5
2016-06-22,332.5
2016-06-21,332.5
2016-06-20,332.5
2016-06-17,332.5
2016-06-16,335.0
2016-06-15,335.0
2016-06-14,335.0
2016-06-13,335.0
2016-06-10,335.0
2016-06-09,337.5
2016-06-08,337.5
2016-06-07,337.5
2016-06-06,337.5
2016-06-03,337.5
2016-06-02,347.5
2016-06-01,347.5
2016-05-31,347.5
2016-05-30,347.5
2016-05-27,347.5
2016-05-26,367.5
2016-05-25,367.5
2016-05-24,367.5
2016-05-23,367.5
2016-05-20,367.5
2016-05-19,387.5
2016-05-18,387.5
2016-05-17,387.5
2016-05-16,387.5
2016-05-13,387.5
2016-05-12,412.5
2016-05-11,412.5
2016-05-10,412.5
2016-05-09,412.5
2016-05-06,412.5
2016-05-05,437.5
2016-05-04,437.5
2016-05-03,437.5
2016-05-02,437.5
2016-04-29,437.5
2016-04-28,472.5
2016-04-27,472.5
2016-04-26,472.5
2016-04-25,472.5
2016-04-22,472.5
2016-04-21,422.5
2016-04-20,422.5
2016-04-19,422.5
2016-04-18,422.5
2016-04-15,422.5
2016-04-14,377.5
2016-04-13,377.5
2016-04-12,377.5
2016-04-11,377.5
2016-04-08,377.5
2016-04-07,372.5
2016-04-06,372.5
2016-04-05,372.5
2016-04-04,372.5
2016-04-01,372.5
2016-03-31,357.5
2016-03-30,357.5
2016-03-29,357.5
2016-03-28,357.5
2016-03-25,357.5
2016-03-24,347.5
2016-03-23,347.5
2016-03-22,347.5
2016-03-21,347.5
2016-03-18,347.5
2016-03-17,307.5
2016-03-16,307.5
2016-03-15,307.5
2016-03-14,307.5
2016-03-11,307.5
2016-03-10,307.5
2016-03-09,307.5
2016-03-08,307.5
2016-03-07,307.5
2016-03-04,307.5
2016-03-03,292.5
2016-03-02,292.5
2016-03-01,292.5
2016-02-29,292.5
2016-02-26,292.5
2016-02-25,277.5
2016-02-24,277.5
2016-02-23,277.5
2016-02-22,277.5
2016-02-19,277.5
2016-02-18,272.5
2016-02-17,272.5
2016-02-16,272.5
2016-02-15,272.5
2016-02-12,272.5
2016-02-11,272.5
2016-02-10,272.5
2016-02-09,272.5
2016-02-08,272.5
2016-02-05,272.5
2016-02-04,272.5
2016-02-03,272.5
2016-02-02,272.5
2016-02-01,272.5
2016-01-29,272.5
2016-01-28,272.5
2016-01-27,272.5
2016-01-26,272.5
2016-01-25,272.5
2016-01-22,272.5
2016-01-21,272.5
2016-01-20,272.5
2016-01-19,272.5
2016-01-18,272.5
2016-01-15,272.5
2016-01-14,272.5
2016-01-13,272.5
2016-01-12,272.5
2016-01-11,272.5
2016-01-08,272.5
2016-01-07,267.5
2016-01-06,267.5
2016-01-05,267.5
2016-01-04,267.5
2016-01-01,267.5
2015-12-31,267.5
2015-12-30,262.5
2015-12-29,262.5
2015-12-28,262.5
2015-12-25,262.5
2015-12-24,257.5
2015-12-23,257.5
2015-12-22,257.5
2015-12-21,257.5
2015-12-18,257.5
2015-12-17,257.5
2015-12-16,257.5
2015-12-15,257.5
2015-12-14,257.5
2015-12-11,257.5
2015-12-10,257.5
2015-12-09,257.5
2015-12-08,257.5
2015-12-07,257.5
2015-12-04,257.5
2015-12-03,262.5
2015-12-02,262.5
2015-12-01,262.5
2015-11-30,262.5
2015-11-27,262.5
2015-11-26,262.5
2015-11-25,262.5
2015-11-24,262.5
2015-11-23,262.5
2015-11-20,262.5
2015-11-19,262.5
2015-11-18,262.5
2015-11-17,262.5
2015-11-16,262.5
2015-11-13,262.5
2015-11-12,262.5
2015-11-11,262.5
2015-11-10,262.5
2015-11-09,262.5
2015-11-06,262.5
2015-11-05,265.0
2015-11-04,265.0
2015-11-03,265.0
2015-11-02,265.0
2015-10-30,265.0
2015-10-29,267.5
2015-10-28,267.5
2015-10-27,267.5
2015-10-26,267.5
2015-10-23,267.5
2015-10-22,270.0
2015-10-21,270.0
2015-10-20,270.0
2015-10-19,270.0
2015-10-16,270.0
2015-10-15,272.5
2015-10-14,272.5
2015-10-13,272.5
2015-10-12,272.5
2015-10-09,272.5
2015-10-08,272.5
2015-10-07,272.5
2015-10-06,272.5
2015-10-05,272.5
2015-10-02,272.5
2015-10-01,275.0
2015-09-30,275.0
2015-09-29,275.0
2015-09-28,275.0
2015-09-25,275.0
2015-09-24,280.0
2015-09-23,280.0
2015-09-22,280.0
2015-09-21,280.0
2015-09-18,280.0
2015-09-17,287.5
2015-09-16,287.5
2015-09-15,287.5
2015-09-14,287.5
2015-09-11,287.5
2015-09-10,297.5
2015-09-09,297.5
2015-09-08,297.5
2015-09-07,297.5
2015-09-04,297.5
2015-09-03,297.5
2015-09-02,297.5
2015-09-01,297.5
2015-08-31,297.5
2015-08-28,297.5
2015-08-27,302.5
2015-08-26,302.5
2015-08-25,302.5
2015-08-24,302.5
2015-08-21,302.5
2015-08-20,307.5
2015-08-19,307.5
2015-08-18,307.5
2015-08-17,307.5
2015-08-14,307.5
2015-08-13,312.5
2015-08-12,312.5
2015-08-11,312.5
2015-08-10,312.5
2015-08-07,312.5
2015-08-06,307.5
2015-08-05,307.5
2015-08-04,307.5
2015-08-03,307.5
2015-07-31,307.5
2015-07-30,307.5
2015-07-29,307.5
2015-07-28,307.5
2015-07-27,307.5
2015-07-24,307.5
2015-07-23,312.5
2015-07-22,312.5
2015-07-21,312.5
2015-07-20,312.5
2015-07-17,312.5
2015-07-16,315.0
2015-07-15,315.0
2015-07-14,315.0
2015-07-13,315.0
2015-07-10,315.0
2015-07-09,335.0
2015-07-08,335.0
2015-07-07,335.0
2015-07-06,335.0
2015-07-03,335.0
2015-07-02,342.5
2015-07-01,342.5
2015-06-30,342.5
2015-06-29,342.5
2015-06-26,342.5
2015-06-25,342.5
2015-06-24,342.5
2015-06-23,342.5
2015-06-22,342.5
2015-06-19,342.5
2015-06-18,347.5
2015-06-17,347.5
2015-06-16,347.5
2015-06-15,347.5
2015-06-12,347.5
2015-06-11,352.5
2015-06-10,352.5
2015-06-09,352.5
2015-06-08,352.5
2015-06-05,352.5
2015-06-04,357.5
2015-06-03,357.5
2015-06-02,357.5
2015-06-01,357.5
2015-05-29,357.5
2015-05-28,357.5
2015-05-27,357.5
2015-05-26,357.5
2015-05-25,357.5
2015-05-22,357.5
2015-05-21,362.5
2015-05-20,362.5
2015-05-19,362.5
2015-05-18,362.5
2015-05-15,362.5
2015-05-14,362.5
2015-05-13,362.5
2015-05-12,362.5
2015-05-11,362.5
2015-05-08,362.5
2015-05-07,362.5
2015-05-06,362.5
2015-05-05,362.5
2015-05-04,362.5
2015-05-01,362.5
2015-04-30,362.5
2015-04-29,362.5
2015-04-28,362.5
2015-04-27,362.5
2015-04-24,362.5
2015-04-23,362.5
2015-04-22,362.5
2015-04-21,362.5
2015-04-20,362.5
2015-04-17,362.5
2015-04-16,367.5
2015-04-15,367.5
2015-04-14,367.5
2015-04-13,367.5
2015-04-10,367.5
2015-04-09,375.0
2015-04-08,375.0
2015-04-07,375.0
2015-04-06,375.0
2015-04-03,375.0
2015-04-02,375.0
2015-04-01,375.0
2015-03-31,375.0
2015-03-30,375.0
2015-03-27,375.0
2015-03-26,367.5
2015-03-25,367.5
2015-03-24,367.5
2015-03-23,367.5
2015-03-20,367.5
2015-03-19,372.5
2015-03-18,372.5
2015-03-17,372.5
2015-03-16,372.5
2015-03-13,372.5
2015-03-12,375.0
2015-03-11,375.0
2015-03-10,375.0
2015-03-09,375.0
2015-03-06,375.0
2015-03-05,375.0
2015-03-04,375.0
2015-03-03,375.0
2015-03-02,375.0
2015-02-28,375.0
2015-02-27,375.0
2015-02-26,375.0
2015-02-25,375.0
2015-02-24,375.0
2015-02-23,375.0
2015-02-20,375.0
2015-02-19,375.0
2015-02-18,375.0
2015-02-17,375.0
2015-02-16,375.0
2015-02-13,375.0
2015-02-12,382.5
2015-02-11,382.5
2015-02-10,382.5
2015-02-09,382.5
2015-02-06,382.5
2015-02-05,395.0
2015-02-04,395.0
2015-02-03,395.0
2015-02-02,395.0
2015-01-30,395.0
2015-01-29,412.5
2015-01-28,412.5
2015-01-27,412.5
2015-01-26,412.5
2015-01-23,412.5
2015-01-22,432.5
2015-01-21,432.5
2015-01-20,432.5
2015-01-19,432.5
2015-01-16,432.5
2015-01-15,445.0
2015-01-14,445.0
2015-01-13,445.0
2015-01-12,445.0
2015-01-09,445.0
2015-01-08,457.5
2015-01-07,457.5
2015-01-06,457.5
2015-01-05,457.5
2015-01-02,457.5
2015-01-01,457.5
2014-12-31,457.5
2014-12-30,457.5
2014-12-29,457.5
2014-12-26,457.5
2014-12-25,457.5
2014-12-24,457.5
2014-12-23,457.5
2014-12-22,457.5
2014-12-19,457.5
2014-12-18,457.5
2014-12-17,457.5
2014-12-16,457.5
2014-12-15,457.5
2014-12-12,457.5
2014-12-11,460.0
2014-12-10,460.0
2014-12-09,460.0
2014-12-08,460.0
2014-12-05,460.0
2014-12-04,462.5
2014-12-03,462.5
2014-12-02,462.5
2014-12-01,462.5
2014-11-28,462.5
2014-11-27,465.0
2014-11-26,465.0
2014-11-25,465.0
2014-11-24,465.0
2014-11-21,465.0
2014-11-20,470.0
2014-11-19,470.0
2014-11-18,470.0
2014-11-17,470.0
2014-11-14,470.0
2014-11-13,475.0
2014-11-12,475.0
2014-11-11,475.0
2014-11-10,475.0
2014-11-07,475.0
2014-11-06,475.0
2014-11-05,475.0
2014-11-04,475.0
2014-11-03,475.0
2014-10-31,475.0
2014-10-30,477.5
2014-10-29,477.5
2014-10-28,477.5
2014-10-27,477.5
2014-10-24,477.5
2014-10-23,477.5
2014-10-22,477.5
2014-10-21,477.5
2014-10-20,477.5
2014-10-17,477.5
2014-10-16,482.5
2014-10-15,482.5
2014-10-14,482.5
2014-10-13,482.5
2014-10-10,482.5
2014-10-09,482.5
2014-10-08,482.5
2014-10-07,482.5
2014-10-06,482.5
2014-10-03,482.5
2014-10-02,482.5
2014-10-01,482.5
2014-09-30,482.5
2014-09-29,482.5
2014-09-26,482.5
2014-09-25,487.5
2014-09-24,487.5
2014-09-23,487.5
2014-09-22,487.5
2014-09-19,487.5
2014-09-18,497.5
2014-09-17,497.5
2014-09-16,497.5
2014-09-15,497.5
2014-09-12,497.5
2014-09-11,502.5
2014-09-10,502.5
2014-09-09,502.5
2014-09-08,502.5
2014-09-05,502.5
2014-09-04,502.5
2014-09-03,502.5
2014-09-02,502.5
2014-09-01,502.5
2014-08-29,502.5
2014-08-28,502.5
2014-08-27,502.5
2014-08-26,502.5
2014-08-25,502.5
2014-08-22,502.5
2014-08-21,507.5
2014-08-20,507.5
2014-08-19,507.5
2014-08-18,507.5
2014-08-15,507.5
2014-08-14,507.5
2014-08-13,507.5
2014-08-12,507.5
2014-08-11,507.5
2014-08-08,507.5
2014-08-07,507.5
2014-08-06,507.5
2014-08-05,507.5
2014-08-04,507.5
2014-08-01,507.5
2014-07-31,507.5
2014-07-30,507.5
2014-07-29,507.5
2014-07-28,507.5
2014-07-25,507.5
2014-07-24,507.5
2014-07-23,507.5
2014-07-22,507.5
2014-07-21,507.5
2014-07-18,507.5
2014-07-17,505.0
2014-07-16,505.0
2014-07-15,505.0
2014-07-14,505.0
2014-07-11,505.0
2014-07-10,502.5
2014-07-09,502.5
2014-07-08,502.5
2014-07-07,502.5
2014-07-04,502.5
2014-07-03,502.5
2014-07-02,502.5
2014-07-01,502.5
2014-06-30,502.5
2014-06-27,502.5
2014-06-26,502.5
2014-06-25,502.5
2014-06-24,502.5
2014-06-23,502.5
2014-06-20,502.5
2014-06-19,507.5
2014-06-18,507.5
2014-06-17,507.5
2014-06-16,507.5
2014-06-13,507.5
2014-06-12,507.5
2014-06-11,507.5
2014-06-10,507.5
2014-06-09,507.5
2014-06-06,507.5
2014-06-05,507.5
2014-06-04,507.5
2014-06-03,507.5
2014-06-02,507.5
2014-05-30,507.5
2014-05-29,507.5
2014-05-28,507.5
2014-05-27,507.5
2014-05-26,507.5
2014-05-23,507.5
2014-05-22,512.5
2014-05-21,512.5
2014-05-20,512.5
2014-05-19,512.5
2014-05-16,512.5
2014-05-15,512.5
2014-05-14,512.5
2014-05-13,512.5
2014-05-12,512.5
2014-05-09,512.5
2014-05-08,517.5
2014-05-07,517.5
2014-05-06,517.5
2014-05-05,517.5
2014-05-02,517.5
2014-05-01,517.5
2014-04-30,517.5
2014-04-29,517.5
2014-04-28,517.5
2014-04-25,517.5
2014-04-24,522.5
2014-04-23,522.5
2014-04-22,522.5
2014-04-21,522.5
2014-04-18,522.5
2014-04-17,522.5
2014-04-16,522.5
2014-04-15,522.5
2014-04-14,522.5
2014-04-11,522.5
2014-04-10,517.5
2014-04-09,517.5
2014-04-08,517.5
2014-04-07,517.5
2014-04-04,517.5
2014-04-03,517.5
2014-04-02,517.5
2014-04-01,517.5
2014-03-31,517.5
2014-03-28,517.5
2014-03-27,517.5
2014-03-26,517.5
2014-03-25,517.5
2014-03-24,517.5
2014-03-21,517.5
2014-03-20,517.5
2014-03-19,517.5
2014-03-18,517.5
2014-03-17,517.5
2014-03-14,517.5
2014-03-13,522.5
2014-03-12,522.5
2014-03-11,522.5
2014-03-10,522.5
2014-03-07,522.5
2014-03-06,527.5
2014-03-05,527.5
2014-03-04,527.5
2014-03-03,527.5
2014-02-28,527.5
2014-02-27,527.5
2014-02-26,527.5
2014-02-25,527.5
2014-02-24,527.5
2014-02-21,527.5
2014-02-20,527.5
2014-02-19,527.5
2014-02-18,527.5
2014-02-17,527.5
2014-02-14,527.5
2014-02-13,527.5
2014-02-12,527.5
2014-02-11,527.5
2014-02-10,527.5
2014-02-07,527.5
2014-02-06,527.5
2014-02-05,527.5
2014-02-04,527.5
2014-02-03,527.5
2014-01-31,527.5
2014-01-30,527.5
2014-01-29,527.5
2014-01-28,527.5
2014-01-27,527.5
2014-01-24,527.5
2014-01-23,527.5
2014-01-22,527.5
2014-01-21,527.5
2014-01-20,527.5
2014-01-17,527.5
2014-01-16,532.5
2014-01-15,532.5
2014-01-14,532.5
2014-01-13,532.5
2014-01-10,532.5
2014-01-09,530.0
2014-01-08,530.0
2014-01-07,530.0
2014-01-06,530.0
2014-01-03,530.0
2014-01-02,530.0
2014-01-01,530.0
2013-12-31,530.0
2013-12-30,530.0
2013-12-27,530.0
2013-12-26,522.5
2013-12-25,522.5
2013-12-24,522.5
2013-12-23,522.5
2013-12-20,522.5
2013-12-19,522.5
2013-12-18,522.5
2013-12-17,522.5
2013-12-16,522.5
2013-12-13,522.5
2013-12-12,522.5
2013-12-11,522.5
2013-12-10,522.5
2013-12-09,522.5
2013-12-06,522.5
2013-12-05,522.5
2013-12-04,522.5
2013-12-03,522.5
2013-12-02,522.5
2013-11-29,522.5
2013-11-28,522.5
2013-11-27,522.5
2013-11-26,522.5
2013-11-25,522.5
2013-11-22,522.5
2013-11-21,522.5
2013-11-20,522.5
2013-11-19,522.5
2013-11-18,522.5
2013-11-15,522.5
2013-11-14,517.5
2013-11-13,517.5
2013-11-12,517.5
2013-11-11,517.5
2013-11-08,517.5
2013-11-07,517.5
2013-11-06,517.5
2013-11-05,517.5
2013-11-04,517.5
2013-11-01,517.5
2013-10-31,517.5
2013-10-30,517.5
2013-10-29,517.5
2013-10-28,517.5
2013-10-25,517.5
2013-10-24,522.5
2013-10-23,522.5
2013-10-22,522.5
2013-10-21,522.5
2013-10-18,522.5
2013-10-17,522.5
2013-10-16,522.5
2013-10-15,522.5
2013-10-14,522.5
2013-10-11,522.5
2013-10-10,535.0
2013-10-09,535.0
2013-10-08,535.0
2013-10-07,535.0
2013-10-04,535.0
2013-10-03,535.0
2013-10-02,535.0
2013-10-01,535.0
2013-09-30,535.0
2013-09-27,535.0
2013-09-26,547.5
2013-09-25,547.5
2013-09-24,547.5
2013-09-23,547.5
2013-09-20,547.5
2013-09-19,547.5
2013-09-18,547.5
2013-09-17,547.5
2013-09-16,547.5
2013-09-13,547.5
2013-09-12,540.0
2013-09-11,540.0
2013-09-10,540.0
2013-09-09,540.0
2013-09-06,540.0
2013-09-05,532.5
2013-09-04,532.5
2013-09-03,532.5
2013-09-02,532.5
2013-08-30,532.5
2013-08-29,532.5
2013-08-28,532.5
2013-08-27,532.5
2013-08-26,532.5
2013-08-23,532.5
2013-08-22,532.5
2013-08-21,532.5
2013-08-20,532.5
2013-08-19,532.5
2013-08-16,532.5
2013-08-15,532.5
2013-08-14,532.5
2013-08-13,532.5
2013-08-12,532.5
2013-08-09,532.5
2013-08-08,525.0
2013-08-07,525.0
2013-08-06,525.0
2013-08-05,525.0
2013-08-02,525.0
2013-08-01,520.0
2013-07-31,520.0
2013-07-30,520.0
2013-07-29,520.0
2013-07-26,520.0
2013-07-25,515.0
2013-07-24,515.0
2013-07-23,515.0
2013-07-22,515.0
2013-07-19,515.0
2013-07-18,515.0
2013-07-17,515.0
2013-07-16,515.0
2013-07-15,515.0
2013-07-12,515.0
2013-07-11,500.0
2013-07-10,500.0
2013-07-09,500.0
2013-07-08,500.0
2013-07-05,500.0
2013-07-04,497.5
2013-07-03,497.5
2013-07-02,497.5
2013-07-01,497.5
2013-06-28,497.5
2013-06-27,500.0
2013-06-26,500.0
2013-06-25,500.0
2013-06-24,500.0
2013-06-21,500.0
2013-06-20,500.0
2013-06-19,500.0
2013-06-18,500.0
2013-06-17,500.0
2013-06-14,500.0
2013-06-13,510.0
2013-06-12,510.0
2013-06-11,510.0
2013-06-10,510.0
2013-06-07,510.0
2013-06-06,515.0
2013-06-05,515.0
2013-06-04,515.0
2013-06-03,515.0
2013-05-31,515.0
2013-05-30,515.0
2013-05-29,515.0
2013-05-28,515.0
2013-05-27,515.0
2013-05-24,515.0
2013-05-23,517.5
2013-05-22,517.5
2013-05-21,517.5
2013-05-20,517.5
2013-05-17,517.5
2013-05-16,530.0
2013-05-15,530.0
2013-05-14,530.0
2013-05-13,530.0
2013-05-10,530.0
2013-05-09,537.5
2013-05-08,537.5
2013-05-07,537.5
2013-05-06,537.5
2013-05-03,537.5
2013-05-02,537.5
2013-05-01,537.5
2013-04-30,537.5
2013-04-29,537.5
2013-04-26,537.5
2013-04-25,552.5
2013-04-24,552.5
2013-04-23,552.5
2013-04-22,552.5
2013-04-19,552.5
2013-04-18,555.0
2013-04-17,555.0
2013-04-16,555.0
2013-04-15,555.0
2013-04-12,555.0
2013-04-11,562.5
2013-04-10,562.5
2013-04-09,562.5
2013-04-08,562.5
2013-04-05,562.5
2013-04-04,570.0
2013-04-03,570.0
2013-04-02,570.0
2013-04-01,570.0
2013-03-29,570.0
2013-03-28,587.5
2013-03-27,587.5
2013-03-26,587.5
2013-03-25,587.5
2013-03-22,587.5
2013-03-21,600.0
2013-03-20,600.0
2013-03-19,600.0
2013-03-18,600.0
2013-03-15,600.0
2013-03-14,605.0
2013-03-13,605.0
2013-03-12,605.0
2013-03-11,605.0
2013-03-08,605.0
2013-03-07,605.0
2013-03-06,605.0
2013-03-05,605.0
2013-03-04,605.0
2013-03-01,605.0
2013-02-28,615.0
2013-02-27,615.0
2013-02-26,615.0
2013-02-25,615.0
2013-02-22,615.0
2013-02-21,612.5
2013-02-20,612.5
2013-02-19,612.5
2013-02-18,612.5
2013-02-15,612.5
2013-02-14,612.5
2013-02-13,612.5
2013-02-12,612.5
2013-02-11,612.5
2013-02-08,612.5
2013-02-07,602.5
2013-02-06,602.5
2013-02-05,602.5
2013-02-04,602.5
2013-02-01,602.5
2013-01-31,590.0
2013-01-30,590.0
2013-01-29,590.0
2013-01-28,590.0
2013-01-25,590.0
2013-01-24,595.0
2013-01-23,595.0
2013-01-22,595.0
2013-01-21,595.0
2013-01-18,595.0
2013-01-17,587.5
2013-01-16,587.5
2013-01-15,587.5
2013-01-14,587.5
2013-01-11,587.5
2013-01-10,575.0
2013-01-09,575.0
2013-01-08,575.0
2013-01-07,575.0
2013-01-04,575.0
2013-01-03,555.0
2013-01-02,555.0
2013-01-01,555.0
2012-12-31,555.0
2012-12-28,555.0
2012-12-27,552.5
2012-12-26,552.5
2012-12-25,552.5
2012-12-24,552.5
2012-12-21,552.5
2012-12-20,540.0
2012-12-19,540.0
2012-12-18,540.0
2012-12-17,540.0
2012-12-14,540.0
2012-12-13,540.0
2012-12-12,540.0
2012-12-11,540.0
2012-12-10,540.0
2012-12-07,540.0
2012-12-06,542.5
2012-12-05,542.5
2012-12-04,542.5
2012-12-03,542.5
2012-11-30,542.5
2012-11-29,545.0
2012-11-28,545.0
2012-11-27,545.0
2012-11-26,545.0
2012-11-24,545.0
2012-11-23,545.0
2012-11-22,545.0
2012-11-21,545.0
2012-11-20,545.0
2012-11-19,545.0
2012-11-16,545.0
2012-11-15,535.0
2012-11-14,535.0
2012-11-13,535.0
2012-11-12,535.0
2012-11-09,535.0
2012-11-08,532.5
2012-11-07,532.5
2012-11-06,532.5
2012-11-05,532.5
2012-11-02,532.5
2012-11-01,532.5
2012-10-31,532.5
2012-10-30,532.5
2012-10-29,532.5
2012-10-26,532.5
2012-10-25,532.5
2012-10-24,532.5
2012-10-23,532.5
2012-10-22,532.5
2012-10-19,532.5
2012-10-18,532.5
2012-10-17,532.5
2012-10-16,532.5
2012-10-15,532.5
2012-10-12,532.5
2012-10-11,517.5
2012-10-10,517.5
2012-10-09,517.5
2012-10-08,517.5
2012-10-05,517.5
2012-10-04,517.5
2012-10-03,517.5
2012-10-02,517.5
2012-10-01,517.5
2012-09-28,517.5
2012-09-27,515.0
2012-09-26,515.0
2012-09-25,515.0
2012-09-24,515.0
2012-09-21,515.0
2012-09-20,505.0
2012-09-19,505.0
2012-09-18,505.0
2012-09-17,505.0
2012-09-14,505.0
2012-09-13,505.0
2012-09-12,505.0
2012-09-11,505.0
2012-09-10,505.0
2012-09-07,505.0
2012-09-06,515.0
2012-09-05,515.0
2012-09-04,515.0
2012-09-03,515.0
2012-08-31,515.0
2012-08-30,520.0
2012-08-29,520.0
2012-08-28,520.0
2012-08-27,520.0
2012-08-24,520.0
2012-08-23,530.0
2012-08-22,530.0
2012-08-21,530.0
2012-08-20,530.0
2012-08-17,530.0
2012-08-16,545.0
2012-08-15,545.0
2012-08-14,545.0
2012-08-13,545.0
2012-08-10,545.0
2012-08-09,557.5
2012-08-08,557.5
2012-08-07,557.5
2012-08-06,557.5
2012-08-03,557.5
2012-08-02,560.0
2012-08-01,560.0
2012-07-31,560.0
2012-07-30,560.0
2012-07-27,560.0
2012-07-26,567.5
2012-07-25,567.5
2012-07-24,567.5
2012-07-23,567.5
2012-07-20,567.5
2012-07-19,580.0
2012-07-18,580.0
2012-07-17,580.0
2012-07-16,580.0
2012-07-13,580.0
2012-07-12,585.0
2012-07-11,585.0
2012-07-10,585.0
2012-07-09,585.0
2012-07-06,585.0
2012-07-05,595.0
2012-07-04,595.0
2012-07-03,595.0
2012-07-02,595.0
2012-06-29,595.0
2012-06-28,605.0
2012-06-27,605.0
2012-06-26,605.0
2012-06-25,605.0
2012-06-22,605.0
2012-06-21,605.0
2012-06-20,605.0
2012-06-19,605.0
2012-06-18,605.0
2012-06-15,605.0
2012-06-14,605.0
2012-06-13,605.0
2012-06-12,605.0
2012-06-11,605.0
2012-06-08,605.0
2012-06-07,610.0
2012-06-06,610.0
2012-06-05,610.0
2012-06-04,610.0
2012-06-01,610.0
2012-05-31,615.0
2012-05-30,615.0
2012-05-29,615.0
2012-05-28,615.0
2012-05-25,615.0
2012-05-24,627.5
2012-05-23,627.5
2012-05-22,627.5
2012-05-21,627.5
2012-05-18,627.5
2012-05-17,632.5
2012-05-16,632.5
2012-05-15,632.5
2012-05-14,632.5
2012-05-11,632.5
2012-05-10,635.0
2012-05-09,635.0
2012-05-08,635.0
2012-05-07,635.0
2012-05-04,635.0
2012-05-03,645.0
2012-05-02,645.0
2012-05-01,645.0
2012-04-30,645.0
2012-04-27,645.0
2012-04-26,647.5
2012-04-25,647.5
2012-04-24,647.5
2012-04-23,647.5
2012-04-20,647.5
2012-04-19,645.0
2012-04-18,645.0
2012-04-17,645.0
2012-04-16,645.0
2012-04-13,645.0
2012-04-12,647.5
2012-04-11,647.5
2012-04-10,647.5
2012-04-09,647.5
2012-04-06,647.5
2012-04-05,647.5
2012-04-04,647.5
2012-04-03,647.5
2012-04-02,647.5
2012-03-30,647.5
2012-03-29,650.0
2012-03-28,650.0
2012-03-27,650.0
2012-03-26,650.0
2012-03-23,650.0
2012-03-22,650.0
2012-03-21,650.0
2012-03-20,650.0
2012-03-19,650.0
2012-03-16,650.0
2012-03-15,645.0
2012-03-14,645.0
2012-03-13,645.0
2012-03-12,645.0
2012-03-09,645.0
2012-03-08,645.0
2012-03-07,645.0
2012-03-06,645.0
2012-03-05,645.0
2012-03-02,645.0
2012-03-01,642.5
2012-02-29,642.5
2012-02-28,642.5
2012-02-27,642.5
2012-02-24,642.5
2012-02-23,640.0
2012-02-22,640.0
2012-02-21,640.0
2012-02-20,640.0
2012-02-17,640.0
2012-02-16,632.5
2012-02-15,632.5
2012-02-14,632.5
2012-02-13,632.5
2012-02-10,632.5
2012-02-09,630.0
2012-02-08,630.0
2012-02-07,630.0
2012-02-06,630.0
2012-02-03,630.0
2012-02-02,625.0
2012-02-01,625.0
2012-01-31,625.0
2012-01-30,625.0
2012-01-27,625.0
2012-01-26,625.0
2012-01-25,625.0
2012-01-24,625.0
2012-01-23,625.0
2012-01-20,625.0
2012-01-19,612.5
2012-01-18,612.5
2012-01-17,612.5
2012-01-16,612.5
2012-01-13,612.5
2012-01-12,607.5
2012-01-11,607.5
2012-01-10,607.5
2012-01-09,607.5
2012-01-06,607.5
2012-01-05,610.0
2012-01-04,610.0
2012-01-03,610.0
2012-01-02,610.0
2011-12-30,610.0
2011-12-29,610.0
2011-12-28,610.0
2011-12-27,610.0
2011-12-26,610.0
2011-12-23,610.0
2011-12-22,610.0
2011-12-21,610.0
2011-12-20,610.0
2011-12-19,610.0
2011-12-16,610.0
2011-12-15,612.5
2011-12-14,612.5
2011-12-13,612.5
2011-12-12,612.5
2011-12-09,612.5
2011-12-08,607.5
2011-12-07,607.5
2011-12-06,607.5
2011-12-05,607.5
2011-12-02,607.5
2011-12-01,607.5
2011-11-30,607.5
2011-11-29,607.5
2011-11-28,607.5
2011-11-25,607.5
2011-11-24,607.5
2011-11-23,607.5
2011-11-22,607.5
2011-11-21,607.5
2011-11-18,607.5
2011-11-17,602.5
2011-11-16,602.5
2011-11-15,602.5
2011-11-14,602.5
2011-11-11,602.5
2011-11-10,605.0
2011-11-09,605.0
2011-11-08,605.0
2011-11-07,605.0
2011-11-04,605.0
2011-11-03,615.0
2011-11-02,615.0
2011-11-01,615.0
2011-10-31,615.0
2011-10-28,615.0
2011-10-27,615.0
2011-10-26,615.0
2011-10-25,615.0
2011-10-24,615.0
2011-10-21,615.0
2011-10-20,682.5
2011-10-19,682.5
2011-10-18,682.5
2011-10-17,682.5
2011-10-14,682.5
2011-10-13,692.5
2011-10-12,692.5
2011-10-11,692.5
2011-10-10,692.5
2011-10-07,692.5
2011-10-06,692.5
2011-10-05,692.5
2011-10-04,692.5
2011-10-03,692.5
2011-09-30,692.5
2011-09-29,692.5
2011-09-28,692.5
2011-09-27,692.5
2011-09-26,692.5
2011-09-23,692.5
2011-09-22,715.0
2011-09-21,715.0
2011-09-20,715.0
2011-09-19,715.0
2011-09-16,715.0
2011-09-15,715.0
2011-09-14,715.0
2011-09-13,715.0
2011-09-12,715.0
2011-09-09,715.0
2011-09-08,705.0
2011-09-07,705.0
2011-09-06,705.0
2011-09-05,705.0
2011-09-02,705.0
2011-09-01,705.0
2011-08-31,705.0
2011-08-30,705.0
2011-08-29,705.0
2011-08-26,705.0
2011-08-25,705.0
2011-08-24,705.0
2011-08-23,705.0
2011-08-22,705.0
2011-08-19,705.0
2011-08-18,705.0
2011-08-17,705.0
2011-08-16,705.0
2011-08-15,705.0
2011-08-12,705.0
2011-08-11,702.5
2011-08-10,702.5
2011-08-09,702.5
2011-08-08,702.5
2011-08-05,702.5
2011-08-04,695.0
2011-08-03,695.0
2011-08-02,695.0
2011-08-01,695.0
2011-07-29,695.0
2011-07-28,692.5
2011-07-27,692.5
2011-07-26,692.5
2011-07-25,692.5
2011-07-22,692.5
2011-07-21,685.0
2011-07-20,685.0
2011-07-19,685.0
2011-07-18,685.0
2011-07-15,685.0
2011-07-14,685.0
2011-07-13,685.0
2011-07-12,685.0
2011-07-11,685.0
2011-07-08,685.0
2011-07-07,685.0
2011-07-06,685.0
2011-07-05,685.0
2011-07-04,685.0
2011-07-01,685.0
2011-06-30,685.0
2011-06-29,685.0
2011-06-28,685.0
2011-06-27,685.0
2011-06-24,685.0
2011-06-23,685.0
2011-06-22,685.0
2011-06-21,685.0
2011-06-20,685.0
2011-06-17,685.0
2011-06-16,700.0
2011-06-15,700.0
2011-06-14,700.0
2011-06-13,700.0
2011-06-10,700.0
2011-06-09,700.0
2011-06-08,700.0
2011-06-07,700.0
2011-06-06,700.0
2011-06-03,700.0
2011-06-02,712.5
2011-06-01,712.5
2011-05-31,712.5
2011-05-30,712.5
2011-05-27,712.5
2011-05-26,712.5
2011-05-25,712.5
2011-05-24,712.5
2011-05-23,712.5
2011-05-20,712.5
2011-05-19,695.0
2011-05-18,695.0
2011-05-17,695.0
2011-05-16,695.0
2011-05-13,695.0
2011-05-12,690.0
2011-05-11,690.0
2011-05-10,690.0
2011-05-09,690.0
2011-05-06,690.0
2011-05-05,692.5
2011-05-04,692.5
2011-05-03,692.5
2011-05-02,692.5
2011-04-29,692.5
2011-04-28,692.5
2011-04-27,720.0
2011-04-26,720.0
2011-04-25,720.0
2011-04-22,720.0
2011-04-21,720.0
2011-04-20,715.0
2011-04-19,715.0
2011-04-18,715.0
2011-04-15,715.0
2011-04-14,710.0
2011-04-13,710.0
2011-04-12,710.0
2011-04-11,710.0
2011-04-08,710.0
2011-04-07,725.0
2011-04-06,725.0
2011-04-05,725.0
2011-04-04,725.0
2011-04-01,725.0
2011-03-31,717.5
2011-03-30,717.5
2011-03-29,717.5
2011-03-28,717.5
2011-03-25,717.5
2011-03-24,715.0
2011-03-23,715.0
2011-03-22,715.0
2011-03-21,715.0
2011-03-18,715.0
2011-03-17,685.0
2011-03-16,685.0
2011-03-15,685.0
2011-03-14,685.0
2011-03-11,685.0
2011-03-10,735.0
2011-03-09,735.0
2011-03-08,735.0
2011-03-07,735.0
2011-03-04,735.0
2011-03-03,765.0
2011-03-02,765.0
2011-03-01,765.0
2011-02-28,765.0
2011-02-25,765.0
2011-02-24,770.0
2011-02-23,770.0
2011-02-22,770.0
2011-02-21,770.0
2011-02-18,770.0
2011-02-17,765.0
2011-02-16,765.0
2011-02-15,765.0
2011-02-14,765.0
2011-02-11,765.0
2011-02-10,705.0
2011-02-09,705.0
2011-02-08,705.0
2011-02-07,705.0
2011-02-04,705.0
2011-02-03,705.0
2011-02-02,705.0
2011-02-01,705.0
2011-01-31,705.0
2011-01-28,705.0
2011-01-27,695.0
2011-01-26,695.0
2011-01-25,695.0
2011-01-24,695.0
2011-01-21,695.0
2011-01-20,675.0
2011-01-19,675.0
2011-01-18,675.0
2011-01-17,675.0
2011-01-14,675.0
2011-01-13,665.0
2011-01-12,665.0
2011-01-11,665.0
2011-01-10,665.0
2011-01-07,665.0
2011-01-06,625.0
2011-01-05,625.0
2011-01-04,625.0
2011-01-03,625.0
2010-12-31,625.0
2010-12-30,625.0
2010-12-29,625.0
2010-12-28,625.0
2010-12-27,625.0
2010-12-24,625.0
2010-12-23,625.0
2010-12-22,625.0
2010-12-21,625.0
2010-12-20,625.0
2010-12-17,625.0
2010-12-16,625.0
2010-12-15,625.0
2010-12-14,625.0
2010-12-13,625.0
2010-12-10,625.0
2010-12-09,615.0
2010-12-08,615.0
2010-12-07,615.0
2010-12-06,615.0
2010-12-03,615.0
2010-12-02,615.0
2010-12-01,615.0
2010-11-30,615.0
2010-11-29,615.0
2010-11-27,615.0
2010-11-26,615.0
2010-11-25,612.5
2010-11-24,612.5
2010-11-23,612.5
2010-11-22,612.5
2010-11-19,612.5
2010-11-18,620.0
2010-11-17,620.0
2010-11-16,620.0
2010-11-15,620.0
2010-11-12,620.0
2010-11-11,615.0
2010-11-10,615.0
2010-11-09,615.0
2010-11-08,615.0
2010-11-05,615.0
2010-11-04,600.0
2010-11-03,600.0
2010-11-02,600.0
2010-11-01,600.0
2010-10-29,600.0
2010-10-28,600.0
2010-10-27,600.0
2010-10-26,600.0
2010-10-25,600.0
2010-10-22,600.0
2010-10-21,590.0
2010-10-20,590.0
2010-10-19,590.0
2010-10-18,590.0
2010-10-15,590.0
2010-10-14,597.5
2010-10-13,597.5
2010-10-12,597.5
2010-10-11,597.5
2010-10-08,597.5
2010-10-07,590.0
2010-10-06,590.0
2010-10-05,590.0
2010-10-04,590.0
2010-10-01,590.0
2010-09-30,635.0
2010-09-29,635.0
2010-09-28,635.0
2010-09-27,635.0
2010-09-24,635.0
2010-09-23,635.0
2010-09-22,635.0
2010-09-21,635.0
2010-09-20,635.0
2010-09-17,635.0
2010-09-16,625.0
2010-09-15,625.0
2010-09-14,625.0
2010-09-13,625.0
2010-09-10,625.0
2010-09-09,615.0
2010-09-08,615.0
2010-09-07,615.0
2010-09-06,615.0
2010-09-03,615.0
2010-09-02,622.5
2010-09-01,622.5
2010-08-31,622.5
2010-08-30,622.5
2010-08-27,622.5
2010-08-26,635.0
2010-08-25,635.0
2010-08-24,635.0
2010-08-23,635.0
2010-08-20,635.0
2010-08-19,645.0
2010-08-18,645.0
2010-08-17,645.0
2010-08-16,645.0
2010-08-13,645.0
2010-08-12,627.5
2010-08-11,627.5
2010-08-10,627.5
2010-08-09,627.5
2010-08-06,627.5
2010-08-05,625.0
2010-08-04,625.0
2010-08-03,625.0
2010-08-02,625.0
2010-07-30,625.0
2010-07-29,612.5
2010-07-28,612.5
2010-07-27,612.5
2010-07-26,612.5
2010-07-23,612.5
2010-07-22,595.0
2010-07-21,595.0
2010-07-20,595.0
2010-07-19,595.0
2010-07-16,595.0
2010-07-15,602.5
2010-07-14,602.5
2010-07-13,602.5
2010-07-12,602.5
2010-07-09,602.5
2010-07-08,605.0
2010-07-07,605.0
2010-07-06,605.0
2010-07-05,605.0
2010-07-02,605.0
2010-07-01,635.0
2010-06-30,635.0
2010-06-29,635.0
2010-06-28,635.0
2010-06-25,635.0
2010-06-24,600.0
2010-06-23,600.0
2010-06-22,600.0
2010-06-21,600.0
2010-06-18,600.0
2010-06-17,600.0
2010-06-16,600.0
2010-06-15,600.0
2010-06-14,600.0
2010-06-11,600.0
2010-06-10,607.5
2010-06-09,607.5
2010-06-08,607.5
2010-06-07,607.5
2010-06-04,607.5
2010-06-03,645.0
2010-06-02,645.0
2010-06-01,645.0
2010-05-31,645.0
2010-05-28,645.0
2010-05-27,660.0
2010-05-26,660.0
2010-05-25,660.0
2010-05-24,660.0
2010-05-21,660.0
2010-05-20,680.0
2010-05-19,680.0
2010-05-18,680.0
2010-05-17,680.0
2010-05-14,680.0
2010-05-13,692.5
2010-05-12,692.5
2010-05-11,692.5
2010-05-10,692.5
2010-05-07,692.5
2010-05-06,705.0
2010-05-05,705.0
2010-05-04,705.0
2010-05-03,705.0
2010-04-30,705.0
2010-04-29,705.0
2010-04-28,705.0
2010-04-27,705.0
2010-04-26,705.0
2010-04-23,705.0
2010-04-22,695.0
2010-04-21,695.0
2010-04-20,695.0
2010-04-19,695.0
2010-04-16,695.0
2010-04-15,682.5
2010-04-14,682.5
2010-04-13,682.5
2010-04-12,682.5
2010-04-09,682.5
2010-04-08,645.0
2010-04-07,645.0
2010-04-06,645.0
2010-04-05,645.0
2010-04-02,645.0
2010-04-01,645.0
2010-03-31,645.0
2010-03-30,645.0
2010-03-29,645.0
2010-03-26,645.0
2010-03-25,635.0
2010-03-24,635.0
2010-03-23,635.0
2010-03-22,635.0
2010-03-19,635.0
2010-03-18,605.0
2010-03-17,605.0
2010-03-16,605.0
2010-03-15,605.0
2010-03-12,605.0
2010-03-11,582.5
2010-03-10,582.5
2010-03-09,582.5
2010-03-08,582.5
2010-03-05,582.5
2010-03-04,565.0
2010-03-03,565.0
2010-03-02,565.0
2010-03-01,565.0
2010-02-26,565.0
2010-02-25,535.0
2010-02-24,535.0
2010-02-23,535.0
2010-02-22,535.0
2010-02-19,535.0
2010-02-18,535.0
2010-02-17,535.0
2010-02-16,535.0
2010-02-15,535.0
2010-02-12,535.0
2010-02-11,535.0
2010-02-10,535.0
2010-02-09,535.0
2010-02-08,535.0
2010-02-05,535.0
2010-02-04,542.5
2010-02-03,542.5
2010-02-02,542.5
2010-02-01,542.5
2010-01-29,542.5
2010-01-28,550.0
2010-01-27,550.0
2010-01-26,550.0
2010-01-25,550.0
2010-01-22,550.0
2010-01-21,555.0
2010-01-20,555.0
2010-01-19,555.0
2010-01-18,555.0
2010-01-15,555.0
2010-01-14,552.5
2010-01-13,552.5
2010-01-12,552.5
2010-01-11,552.5
2010-01-08,552.5
2010-01-07,527.5
2010-01-06,527.5
2010-01-05,527.5
2010-01-04,527.5
2010-01-01,527.5
2009-12-31,527.5
2009-12-30,527.5
2009-12-29,527.5
2009-12-28,527.5
2009-12-25,527.5
2009-12-24,527.5
2009-12-23,527.5
2009-12-22,527.5
2009-12-21,527.5
2009-12-18,527.5
2009-12-17,515.0
2009-12-16,515.0
2009-12-15,515.0
2009-12-14,515.0
2009-12-11,515.0
2009-12-10,510.0
2009-12-09,510.0
2009-12-08,510.0
2009-12-07,510.0
2009-12-04,510.0
2009-12-03,510.0
2009-12-02,510.0
2009-12-01,510.0
2009-11-30,510.0
2009-11-27,510.0
2009-11-26,505.0
2009-11-25,505.0
2009-11-24,505.0
2009-11-23,505.0
2009-11-20,505.0
2009-11-19,500.0
2009-11-18,500.0
2009-11-17,500.0
2009-11-16,500.0
2009-11-13,500.0
2009-11-12,470.0
2009-11-11,470.0
2009-11-10,470.0
2009-11-09,470.0
2009-11-06,470.0
2009-11-05,490.0
2009-11-04,490.0
2009-11-03,490.0
2009-11-02,490.0
2009-10-30,490.0
2009-10-29,470.0
2009-10-28,470.0
2009-10-27,470.0
2009-10-26,470.0
2009-10-23,470.0
2009-10-22,470.0
2009-10-21,470.0
2009-10-20,470.0
2009-10-19,470.0
2009-10-16,470.0
2009-10-15,470.0
2009-10-14,470.0
2009-10-13,470.0
2009-10-12,470.0
2009-10-09,470.0
2009-10-08,470.0
2009-10-07,470.0
2009-10-06,470.0
2009-10-05,470.0
2009-10-02,470.0
2009-10-01,505.0
2009-09-30,505.0
2009-09-29,505.0
2009-09-28,505.0
2009-09-25,505.0
2009-09-24,520.0
2009-09-23,520.0
2009-09-22,520.0
2009-09-21,520.0
2009-09-18,520.0
2009-09-17,535.0
2009-09-16,535.0
2009-09-15,535.0
2009-09-14,535.0
2009-09-11,535.0
2009-09-10,535.0
2009-09-09,535.0
2009-09-08,535.0
2009-09-07,535.0
2009-09-04,535.0
2009-09-03,550.0
2009-09-02,550.0
2009-09-01,550.0
2009-08-31,550.0
2009-08-28,550.0
2009-08-27,542.5
2009-08-26,542.5
2009-08-25,542.5
2009-08-24,542.5
2009-08-21,542.5
2009-08-20,607.5
2009-08-19,607.5
2009-08-18,607.5
2009-08-17,607.5
2009-08-14,607.5
2009-08-13,600.0
2009-08-12,600.0
2009-08-11,600.0
2009-08-10,600.0
2009-08-07,600.0
2009-08-06,565.0
2009-08-05,565.0
2009-08-04,565.0
2009-08-03,565.0
2009-07-31,565.0
2009-07-30,565.0
2009-07-29,565.0
2009-07-28,565.0
2009-07-27,565.0
2009-07-24,565.0
2009-07-23,520.0
2009-07-22,520.0
2009-07-21,520.0
2009-07-20,520.0
2009-07-17,520.0
2009-07-16,515.0
2009-07-15,515.0
2009-07-14,515.0
2009-07-13,515.0
2009-07-10,515.0
2009-07-09,510.0
2009-07-08,510.0
2009-07-07,510.0
2009-07-06,510.0
2009-07-03,510.0
2009-07-02,510.0
2009-07-01,510.0
2009-06-30,510.0
2009-06-29,510.0
2009-06-26,510.0
2009-06-25,475.0
2009-06-24,475.0
2009-06-23,475.0
2009-06-22,475.0
2009-06-19,475.0
2009-06-18,475.0
2009-06-17,475.0
2009-06-16,475.0
2009-06-15,475.0
2009-06-12,475.0
2009-06-11,500.0
2009-06-10,500.0
2009-06-09,500.0
2009-06-08,500.0
2009-06-05,500.0
2009-06-04,500.0
2009-06-03,500.0
2009-06-02,500.0
2009-06-01,500.0
2009-05-29,500.0
2009-05-28,500.0
2009-05-27,500.0
2009-05-26,500.0
2009-05-25,500.0
2009-05-22,500.0
2009-05-21,515.0
2009-05-20,515.0
2009-05-19,515.0
2009-05-18,515.0
2009-05-15,515.0
2009-05-14,455.0
2009-05-13,455.0
2009-05-12,455.0
2009-05-11,455.0
2009-05-08,455.0
2009-05-07,445.0
2009-05-06,445.0
2009-05-05,445.0
2009-05-04,445.0
2009-05-01,445.0
2009-04-30,445.0
2009-04-29,445.0
2009-04-28,445.0
2009-04-27,445.0
2009-04-24,445.0
2009-04-23,445.0
2009-04-22,445.0
2009-04-21,445.0
2009-04-20,445.0
2009-04-17,445.0
2009-04-16,490.0
2009-04-15,490.0
2009-04-14,490.0
2009-04-13,490.0
2009-04-10,490.0
2009-04-09,490.0
2009-04-08,490.0
2009-04-07,490.0
2009-04-06,490.0
2009-04-03,490.0
2009-04-02,490.0
2009-04-01,490.0
2009-03-31,490.0
2009-03-30,490.0
2009-03-27,490.0
2009-03-26,505.0
2009-03-25,505.0
2009-03-24,505.0
2009-03-23,505.0
2009-03-20,505.0
2009-03-19,505.0
2009-03-18,505.0
2009-03-17,505.0
2009-03-16,505.0
2009-03-13,505.0
2009-03-12,495.0
2009-03-11,495.0
2009-03-10,495.0
2009-03-09,495.0
2009-03-06,495.0
2009-03-05,505.0
2009-03-04,505.0
2009-03-03,505.0
2009-03-02,505.0
2009-02-27,505.0
2009-02-26,505.0
2009-02-25,505.0
2009-02-24,505.0
2009-02-23,505.0
2009-02-20,505.0
2009-02-19,575.0
2009-02-18,575.0
2009-02-17,575.0
2009-02-16,575.0
2009-02-13,575.0
2009-02-12,585.0
2009-02-11,585.0
2009-02-10,585.0
2009-02-09,585.0
2009-02-06,585.0
2009-02-05,580.0
2009-02-04,580.0
2009-02-03,580.0
2009-02-02,580.0
2009-01-30,580.0
2009-01-29,580.0
2009-01-28,580.0
2009-01-27,580.0
2009-01-26,580.0
2009-01-23,580.0
2009-01-22,580.0
2009-01-21,580.0
2009-01-20,580.0
2009-01-19,580.0
2009-01-16,580.0
2009-01-15,580.0
2009-01-14,580.0
2009-01-13,580.0
2009-01-12,580.0
2009-01-09,580.0
2009-01-08,525.0
2009-01-07,525.0
2009-01-06,525.0
2009-01-05,525.0
2009-01-02,525.0
2009-01-01,525.0
2008-12-31,525.0
2008-12-30,525.0
2008-12-29,525.0
2008-12-27,525.0
2008-12-26,525.0
2008-12-25,525.0
2008-12-24,525.0
2008-12-23,525.0
2008-12-22,525.0
2008-12-19,525.0
2008-12-18,510.0
2008-12-17,510.0
2008-12-16,510.0
2008-12-15,510.0
2008-12-12,510.0
2008-12-11,490.0
2008-12-10,490.0
2008-12-09,490.0
2008-12-08,490.0
2008-12-05,490.0
2008-12-04,515.0
2008-12-03,515.0
2008-12-02,515.0
2008-12-01,515.0
2008-11-28,515.0
2008-11-27,465.0
2008-11-26,465.0
2008-11-25,465.0
2008-11-24,465.0
2008-11-21,465.0
2008-11-20,525.0
2008-11-19,525.0
2008-11-18,525.0
2008-11-17,525.0
2008-11-14,525.0
2008-11-13,575.0
2008-11-12,575.0
2008-11-11,575.0
2008-11-10,575.0
2008-11-07,575.0
2008-11-06,595.0
2008-11-05,595.0
2008-11-04,595.0
2008-11-03,595.0
2008-10-31,595.0
2008-10-30,605.0
2008-10-29,605.0
2008-10-28,605.0
2008-10-27,605.0
2008-10-24,605.0
2008-10-23,605.0
2008-10-22,605.0
2008-10-21,605.0
2008-10-20,605.0
2008-10-17,605.0
2008-10-16,725.0
2008-10-15,725.0
2008-10-14,725.0
2008-10-13,725.0
2008-10-10,725.0
2008-10-09,825.0
2008-10-08,825.0
2008-10-07,825.0
2008-10-06,825.0
2008-10-03,825.0
2008-10-02,825.0
2008-10-01,825.0
2008-09-30,825.0
2008-09-29,825.0
2008-09-26,825.0
2008-09-25,825.0
2008-09-24,825.0
2008-09-23,825.0
2008-09-22,825.0
2008-09-19,825.0
2008-09-18,825.0
2008-09-17,825.0
2008-09-16,825.0
2008-09-15,825.0
2008-09-12,825.0
2008-09-11,875.0
2008-09-10,875.0
2008-09-09,875.0
2008-09-08,875.0
2008-09-05,875.0
2008-09-04,925.0
2008-09-03,925.0
2008-09-02,925.0
2008-09-01,925.0
2008-08-29,925.0
2008-08-28,925.0
2008-08-27,925.0
2008-08-26,925.0
2008-08-25,925.0
2008-08-22,925.0
2008-08-21,975.0
2008-08-20,975.0
2008-08-19,975.0
2008-08-18,975.0
2008-08-15,975.0
2008-08-14,1010.0
2008-08-13,1010.0
2008-08-12,1010.0
2008-08-11,1010.0
2008-08-08,1010.0
2008-08-07,1020.0
2008-08-06,1020.0
2008-08-05,1020.0
2008-08-04,1020.0
2008-08-01,1020.0
2008-07-31,1025.0
2008-07-30,1025.0
2008-07-29,1025.0
2008-07-28,1025.0
2008-07-25,1025.0
2008-07-24,1030.0
2008-07-23,1030.0
2008-07-22,1030.0
2008-07-21,1030.0
2008-07-18,1030.0
2008-07-17,1030.0
2008-07-16,1030.0
2008-07-15,1030.0
2008-07-14,1030.0
2008-07-11,1030.0
2008-07-10,1030.0
2008-07-09,1030.0
2008-07-08,1030.0
2008-07-07,1030.0
2008-07-04,1030.0
2008-07-03,1030.0
2008-07-02,1030.0
2008-07-01,1030.0
2008-06-30,1030.0
2008-06-27,1030.0
2008-06-26,1030.0
2008-06-25,1030.0
2008-06-24,1030.0
2008-06-23,1030.0
2008-06-20,1030.0
2008-06-19,975.0
2008-06-18,975.0
2008-06-17,975.0
2008-06-16,975.0
2008-06-13,975.0
2008-06-12,975.0
2008-06-11,975.0
2008-06-10,975.0
2008-06-09,975.0
2008-06-06,975.0
2008-06-05,1025.0
2008-06-04,1025.0
2008-06-03,1025.0
2008-06-02,1025.0
2008-05-30,1025.0
2008-05-29,1025.0
2008-05-28,1025.0
2008-05-27,1025.0
2008-05-26,1025.0
2008-05-23,1025.0
2008-05-22,1025.0
2008-05-21,1025.0
2008-05-20,1025.0
2008-05-19,1025.0
2008-05-16,1025.0
2008-05-15,910.0
2008-05-14,910.0
2008-05-13,910.0
2008-05-12,910.0
2008-05-09,910.0
2008-05-08,910.0
2008-05-07,910.0
2008-05-06,910.0
2008-05-05,910.0
2008-05-02,910.0
2008-05-01,910.0
2008-04-30,910.0
2008-04-29,910.0
2008-04-28,910.0
2008-04-25,910.0
2008-04-24,910.0
2008-04-23,910.0
2008-04-22,910.0
2008-04-21,910.0
2008-04-18,910.0
2008-04-17,910.0
2008-04-16,910.0
2008-04-15,910.0
2008-04-14,910.0
2008-04-11,910.0
2008-04-10,837.5
2008-04-09,837.5
2008-04-08,837.5
2008-04-07,837.5
2008-04-04,837.5
2008-04-03,837.5
2008-04-02,837.5
2008-04-01,837.5
2008-03-31,837.5
2008-03-28,837.5
2008-03-27,837.5
2008-03-26,837.5
2008-03-25,837.5
2008-03-24,837.5
2008-03-21,837.5
2008-03-20,837.5
2008-03-19,837.5
2008-03-18,837.5
2008-03-17,837.5
2008-03-14,837.5
2008-03-13,837.5
2008-03-12,837.5
2008-03-11,837.5
2008-03-10,837.5
2008-03-07,837.5
2008-03-06,805.0
2008-03-05,805.0
2008-03-04,805.0
2008-03-03,805.0
2008-02-29,805.0
2008-02-28,692.5
2008-02-27,692.5
2008-02-26,692.5
2008-02-25,692.5
2008-02-22,692.5
2008-02-21,692.5
2008-02-20,692.5
2008-02-19,692.5
2008-02-18,692.5
2008-02-15,692.5
2008-02-14,692.5
2008-02-13,692.5
2008-02-12,692.5
2008-02-11,692.5
2008-02-08,692.5
2008-02-07,692.5
2008-02-06,692.5
2008-02-05,692.5
2008-02-04,692.5
2008-02-01,692.5
2008-01-31,692.5
2008-01-30,692.5
2008-01-29,692.5
2008-01-28,692.5
2008-01-25,692.5
2008-01-24,692.5
2008-01-23,692.5
2008-01-22,692.5
2008-01-21,692.5
2008-01-18,692.5
2008-01-17,675.0
2008-01-16,675.0
2008-01-15,675.0
2008-01-14,675.0
2008-01-11,675.0
2008-01-10,675.0
2008-01-09,675.0
2008-01-08,675.0
2008-01-07,675.0
2008-01-04,675.0
2008-01-03,650.0
2008-01-02,650.0
2008-01-01,650.0
2007-12-31,650.0
2007-12-28,650.0
2007-12-27,650.0
2007-12-26,650.0
2007-12-25,650.0
2007-12-24,650.0
2007-12-21,650.0
2007-12-20,650.0
2007-12-19,650.0
2007-12-18,650.0
2007-12-17,650.0
2007-12-14,650.0
2007-12-13,605.0
2007-12-12,605.0
2007-12-11,605.0
2007-12-10,605.0
2007-12-07,605.0
2007-12-06,605.0
2007-12-05,605.0
2007-12-04,605.0
2007-12-03,605.0
2007-11-30,605.0
2007-11-29,585.0
2007-11-28,585.0
2007-11-27,585.0
2007-11-26,585.0
2007-11-23,585.0
2007-11-22,575.0
2007-11-21,575.0
2007-11-20,575.0
2007-11-19,575.0
2007-11-16,575.0
2007-11-15,575.0
2007-11-14,575.0
2007-11-13,575.0
2007-11-12,575.0
2007-11-09,575.0
2007-11-08,575.0
2007-11-07,575.0
2007-11-06,575.0
2007-11-05,575.0
2007-11-02,575.0
2007-11-01,575.0
2007-10-31,575.0
2007-10-30,575.0
2007-10-29,575.0
2007-10-26,575.0
2007-10-25,575.0
2007-10-24,575.0
2007-10-23,575.0
2007-10-22,575.0
2007-10-19,575.0
2007-10-18,555.0
2007-10-17,555.0
2007-10-16,555.0
2007-10-15,555.0
2007-10-12,555.0
2007-10-11,556.0
2007-10-10,556.0
2007-10-09,556.0
2007-10-08,556.0
2007-10-05,556.0
2007-10-04,556.0
2007-10-03,556.0
2007-10-02,556.0
2007-10-01,556.0
2007-09-28,556.0
2007-09-27,556.0
2007-09-26,556.0
2007-09-25,556.0
2007-09-24,556.0
2007-09-21,556.0
2007-09-20,556.0
2007-09-19,556.0
2007-09-18,556.0
2007-09-17,556.0
2007-09-14,556.0
2007-09-13,556.0
2007-09-12,556.0
2007-09-11,556.0
2007-09-10,556.0
2007-09-07,556.0
2007-09-06,552.5
2007-09-05,552.5
2007-09-04,552.5
2007-09-03,552.5
2007-08-31,552.5
2007-08-30,550.0
2007-08-29,550.0
2007-08-28,550.0
2007-08-27,550.0
2007-08-24,550.0
2007-08-23,545.0
2007-08-22,545.0
2007-08-21,545.0
2007-08-20,545.0
2007-08-17,545.0
2007-08-16,515.0
2007-08-15,515.0
2007-08-14,515.0
2007-08-13,515.0
2007-08-10,515.0
2007-08-09,515.0
2007-08-08,515.0
2007-08-07,515.0
2007-08-06,515.0
2007-08-03,515.0
2007-08-02,525.0
2007-08-01,525.0
2007-07-31,525.0
2007-07-30,525.0
2007-07-27,525.0
2007-07-26,525.0
2007-07-25,525.0
2007-07-24,525.0
2007-07-23,525.0
2007-07-20,525.0
2007-07-19,525.0
2007-07-18,525.0
2007-07-17,525.0
2007-07-16,525.0
2007-07-13,525.0
2007-07-12,530.0
2007-07-11,530.0
2007-07-10,530.0
2007-07-09,530.0
2007-07-06,530.0
2007-07-05,530.0
2007-07-04,530.0
2007-07-03,530.0
2007-07-02,530.0
2007-06-29,530.0
2007-06-28,560.0
2007-06-27,560.0
2007-06-26,560.0
2007-06-25,560.0
2007-06-22,560.0
2007-06-21,560.0
2007-06-20,560.0
2007-06-19,560.0
2007-06-18,560.0
2007-06-15,560.0
2007-06-14,605.0
2007-06-13,605.0
2007-06-12,605.0
2007-06-11,605.0
2007-06-08,605.0
2007-06-07,605.0
2007-06-06,605.0
2007-06-05,605.0
2007-06-04,605.0
2007-06-01,605.0
2007-05-31,605.0
2007-05-30,605.0
2007-05-29,605.0
2007-05-28,605.0
2007-05-25,605.0
2007-05-24,605.0
2007-05-23,605.0
2007-05-22,605.0
2007-05-21,605.0
2007-05-18,605.0
2007-05-17,592.5
2007-05-16,592.5
2007-05-15,592.5
2007-05-14,592.5
2007-05-11,592.5
2007-05-10,560.0
2007-05-09,560.0
2007-05-08,560.0
2007-05-07,560.0
2007-05-04,560.0
2007-05-03,560.0
2007-05-02,560.0
2007-05-01,560.0
2007-04-30,560.0
2007-04-27,560.0
2007-04-26,565.0
2007-04-25,565.0
2007-04-24,565.0
2007-04-23,565.0
2007-04-20,565.0
2007-04-19,560.0
2007-04-18,560.0
2007-04-17,560.0
2007-04-16,560.0
2007-04-13,560.0
2007-04-12,560.0
2007-04-11,560.0
2007-04-10,560.0
2007-04-09,560.0
2007-04-06,560.0
2007-04-05,560.0
2007-04-04,560.0
2007-04-03,560.0
2007-04-02,560.0
2007-03-30,560.0
2007-03-29,560.0
2007-03-28,560.0
2007-03-27,560.0
2007-03-26,560.0
2007-03-23,560.0
2007-03-22,560.0
2007-03-21,560.0
2007-03-20,560.0
2007-03-19,560.0
2007-03-16,560.0
2007-03-15,560.0
2007-03-14,560.0
2007-03-13,560.0
2007-03-12,560.0
2007-03-09,560.0
2007-03-08,560.0
2007-03-07,560.0
2007-03-06,560.0
2007-03-05,560.0
2007-03-02,560.0
2007-03-01,485.0
2007-02-28,485.0
2007-02-27,485.0
2007-02-26,485.0
2007-02-23,485.0
2007-02-22,485.0
2007-02-21,485.0
2007-02-20,485.0
2007-02-19,485.0
2007-02-16,485.0
2007-02-15,485.0
2007-02-14,485.0
2007-02-13,485.0
2007-02-12,485.0
2007-02-09,485.0
2007-02-08,470.0
2007-02-07,470.0
2007-02-06,470.0
2007-02-05,470.0
2007-02-02,470.0
2007-02-01,470.0
2007-01-31,470.0
2007-01-30,470.0
2007-01-29,470.0
2007-01-26,470.0
2007-01-25,470.0
2007-01-24,470.0
2007-01-23,470.0
2007-01-22,470.0
2007-01-19,470.0
2007-01-18,470.0
2007-01-17,470.0
2007-01-16,470.0
2007-01-15,470.0
2007-01-12,470.0
2007-01-11,470.0
2007-01-10,470.0
2007-01-09,470.0
2007-01-08,470.0
2007-01-05,470.0
2007-01-04,470.0
2007-01-03,470.0
2007-01-02,470.0
2007-01-01,470.0
2006-12-29,470.0
2006-12-28,470.0
2006-12-27,470.0
2006-12-26,470.0
2006-12-25,470.0
2006-12-22,470.0
2006-12-21,470.0
2006-12-20,470.0
2006-12-19,470.0
2006-12-18,470.0
2006-12-15,470.0
2006-12-14,470.0
2006-12-13,470.0
2006-12-12,470.0
2006-12-11,470.0
2006-12-08,470.0
2006-12-07,470.0
2006-12-06,470.0
2006-12-05,470.0
2006-12-04,470.0
2006-12-01,470.0
2006-11-30,470.0
2006-11-29,470.0
2006-11-28,470.0
2006-11-27,470.0
2006-11-24,470.0
2006-11-23,470.0
2006-11-22,470.0
2006-11-21,470.0
2006-11-20,470.0
2006-11-17,470.0
2006-11-16,470.0
2006-11-15,470.0
2006-11-14,470.0
2006-11-13,470.0
2006-11-10,470.0
2006-11-09,470.0
2006-11-08,470.0
2006-11-07,470.0
2006-11-06,470.0
2006-11-03,470.0
2006-11-02,485.0
2006-11-01,485.0
2006-10-31,485.0
2006-10-30,485.0
2006-10-27,485.0
2006-10-26,485.0
2006-10-25,485.0
2006-10-24,485.0
2006-10-23,485.0
2006-10-20,485.0
2006-10-19,485.0
2006-10-18,485.0
2006-10-17,485.0
2006-10-16,485.0
2006-10-13,485.0
2006-10-12,452.5
2006-10-11,452.5
2006-10-10,452.5
2006-10-09,452.5
2006-10-06,452.5
2006-10-05,452.5
2006-10-04,452.5
2006-10-03,452.5
2006-10-02,452.5
2006-09-29,452.5
2006-09-28,452.5
2006-09-27,452.5
2006-09-26,452.5
2006-09-25,452.5
2006-09-22,452.5
2006-09-21,485.0
2006-09-20,485.0
2006-09-19,485.0
2006-09-18,485.0
2006-09-15,485.0
2006-09-14,485.0
2006-09-13,485.0
2006-09-12,485.0
2006-09-11,485.0
2006-09-08,485.0
2006-09-07,485.0
2006-09-06,485.0
2006-09-05,485.0
2006-09-04,485.0
2006-09-01,485.0
2006-08-31,470.0
2006-08-30,470.0
2006-08-29,470.0
2006-08-28,470.0
2006-08-25,470.0
2006-08-24,490.0
2006-08-23,490.0
2006-08-22,490.0
2006-08-21,490.0
2006-08-18,490.0
2006-08-17,495.0
2006-08-16,495.0
2006-08-15,495.0
2006-08-14,495.0
2006-08-11,495.0
2006-08-10,525.0
2006-08-09,525.0
2006-08-08,525.0
2006-08-07,525.0
2006-08-04,525.0
2006-08-03,525.0
2006-08-02,525.0
2006-08-01,525.0
2006-07-31,525.0
2006-07-28,525.0
2006-07-27,525.0
2006-07-26,525.0
2006-07-25,525.0
2006-07-24,525.0
2006-07-21,525.0
2006-07-20,555.0
2006-07-19,555.0
2006-07-18,555.0
2006-07-17,555.0
2006-07-14,555.0
2006-07-13,555.0
2006-07-12,555.0
2006-07-11,555.0
